{
"type": "FeatureCollection",
"name": "test_area_3",
"crs": { "type": "name", "properties": { "name": "urn:ogc:def:crs:EPSG::32722" } },
"features": [
{ "type": "Feature", "properties": { "id": 1 }, "geometry": { "type": "MultiPolygon", "coordinates": [ [ [ [ 559053.620923913666047, 6735689.089673936367035 ], [ 559031.650815218104981, 6735698.410326110199094 ], [ 559020.99864130502101, 6735722.377717414870858 ], [ 559007.017663044156507, 6735731.698369588702917 ], [ 558993.702445652801543, 6735737.024456544779241 ], [ 558983.716032609343529, 6735752.336956544779241 ], [ 558976.392663044156507, 6735760.326086979359388 ], [ 558962.411684783292003, 6735769.64673915412277 ], [ 558949.09646739193704, 6735780.29891306720674 ], [ 558936.447010870208032, 6735788.953804370947182 ], [ 558925.794836957124062, 6735792.948369588702917 ], [ 558912.479619565885514, 6735799.605978284031153 ], [ 558923.797554348479025, 6735810.258152197115123 ], [ 558935.781250000698492, 6735806.929347849451005 ], [ 558957.751358696259558, 6735788.953804370947182 ], [ 558974.395380435395055, 6735786.290760892443359 ], [ 558979.055706522427499, 6735780.964673936367035 ], [ 558985.047554348479025, 6735777.635869588702917 ], [ 558988.376358696259558, 6735776.9701087186113 ], [ 558997.697010870208032, 6735778.967391327954829 ], [ 559007.017663044156507, 6735776.9701087186113 ], [ 559011.677989131072536, 6735772.975543501786888 ], [ 559017.669836957124062, 6735764.320652197115123 ], [ 559021.664402174530551, 6735756.331521762534976 ], [ 559028.987771739833988, 6735743.682065241038799 ], [ 559035.645380435395055, 6735740.353260892443359 ], [ 559047.629076087614521, 6735733.029891327954829 ], [ 559055.618206522427499, 6735731.698369588702917 ], [ 559057.615489131072536, 6735729.035326110199094 ], [ 559062.941576087614521, 6735723.70923915412277 ], [ 559065.604619565885514, 6735719.04891306720674 ], [ 559068.267663044156507, 6735713.057065241038799 ], [ 559069.599184783292003, 6735709.062500023283064 ], [ 559069.599184783292003, 6735709.062500023283064 ], [ 559053.620923913666047, 6735689.089673936367035 ] ] ] ] } },
{ "type": "Feature", "properties": { "id": 2 }, "geometry": { "type": "MultiPolygon", "coordinates": [ [ [ [ 559184.110054348479025, 6735365.529891327023506 ], [ 559178.783967391704209, 6735406.807065240107477 ], [ 559178.783967391704209, 6735407.472826110199094 ], [ 559174.78940217429772, 6735414.130434805527329 ], [ 559168.131793478736654, 6735419.456521761603653 ], [ 559156.813858696143143, 6735419.456521761603653 ], [ 559150.822010869975202, 6735425.448369587771595 ], [ 559138.83831521787215, 6735438.097826110199094 ], [ 559138.83831521787215, 6735444.755434805527329 ], [ 559140.169836957007647, 6735450.081521761603653 ], [ 559142.832880435278639, 6735452.078804370947182 ], [ 559146.827445652568713, 6735462.730978284031153 ], [ 559157.479619565652683, 6735460.733695674687624 ], [ 559159.47690217429772, 6735453.410326110199094 ], [ 559168.131793478736654, 6735450.747282631695271 ], [ 559173.457880435278639, 6735450.081521761603653 ], [ 559172.792119565652683, 6735467.391304370947182 ], [ 559177.452445652568713, 6735474.714673936367035 ], [ 559180.115489130839705, 6735484.701086979359388 ], [ 559181.447010869975202, 6735519.986413066275418 ], [ 559184.11005434836261, 6735576.576086979359388 ], [ 559188.770380435278639, 6735590.557065241038799 ], [ 559188.770380435278639, 6735605.203804370947182 ], [ 559186.773097826633602, 6735615.855978284031153 ], [ 559185.441576087498106, 6735623.179347849451005 ], [ 559172.126358696143143, 6735631.168478284031153 ], [ 559177.452445652685128, 6735645.815217414870858 ], [ 559193.430706522311084, 6735639.823369588702917 ], [ 559195.427989130956121, 6735645.815217414870858 ], [ 559196.093750000465661, 6735657.133152197115123 ], [ 559202.751358696143143, 6735673.111413066275418 ], [ 559213.403532609227113, 6735679.103260892443359 ], [ 559218.729619565769099, 6735668.451086979359388 ], [ 559212.072010870091617, 6735653.804347849451005 ], [ 559212.737771739601158, 6735649.809782631695271 ], [ 559217.398097826633602, 6735636.494565241038799 ], [ 559230.04755434836261, 6735627.173913066275418 ], [ 559238.702445652685128, 6735622.513586979359388 ], [ 559236.039402174414136, 6735614.524456544779241 ], [ 559229.381793478736654, 6735604.538043501786888 ], [ 559224.055706522311084, 6735604.538043501786888 ], [ 559216.732336957007647, 6735614.524456544779241 ], [ 559203.417119565769099, 6735608.5326087186113 ], [ 559202.751358696143143, 6735593.885869588702917 ], [ 559206.745923913549632, 6735576.576086979359388 ], [ 559208.743206522311084, 6735547.948369588702917 ], [ 559202.085597826633602, 6735523.315217414870858 ], [ 559202.751358696259558, 6735506.671195675618947 ], [ 559206.080163044040091, 6735478.043478284031153 ], [ 559205.414402174530551, 6735458.736413066275418 ], [ 559202.751358696259558, 6735433.437500023283064 ], [ 559196.093750000582077, 6735414.130434805527329 ], [ 559198.756793478853069, 6735389.497282631695271 ], [ 559198.091032609343529, 6735382.173913066275418 ], [ 559195.427989131072536, 6735370.190217413939536 ], [ 559192.764945652801543, 6735366.861413066275418 ], [ 559192.764945652917959, 6735357.540760892443359 ], [ 559193.430706522427499, 6735356.209239153191447 ], [ 559193.430706522427499, 6735348.885869588702917 ], [ 559194.096467392053455, 6735346.888586979359388 ], [ 559195.427989131072536, 6735341.562500023283064 ], [ 559198.091032609343529, 6735332.9076087186113 ], [ 559198.091032609343529, 6735330.244565240107477 ], [ 559194.762228261562996, 6735324.918478284031153 ], [ 559194.762228261562996, 6735317.5951087186113 ], [ 559196.759510870208032, 6735313.600543501786888 ], [ 559200.754076087614521, 6735306.942934805527329 ], [ 559200.088315218104981, 6735304.945652197115123 ], [ 559198.756793478969485, 6735304.279891327023506 ], [ 559192.764945652917959, 6735301.616847849451005 ], [ 559187.438858696375974, 6735300.285326110199094 ], [ 559180.115489131072536, 6735300.951086979359388 ], [ 559174.789402174646966, 6735316.929347849451005 ], [ 559170.794836957240477, 6735328.247282631695271 ], [ 559172.792119565885514, 6735352.214673936367035 ], [ 559184.110054348479025, 6735365.529891327023506 ] ] ] ] } },
{ "type": "Feature", "properties": { "id": 3 }, "geometry": { "type": "MultiPolygon", "coordinates": [ [ [ [ 559137.506793478736654, 6735452.078804369084537 ], [ 559132.846467391820624, 6735460.733695673756301 ], [ 559123.52581521787215, 6735467.391304369084537 ], [ 559106.216032609227113, 6735488.029891326092184 ], [ 559107.54755434836261, 6735501.345108717679977 ], [ 559106.881793478736654, 6735527.975543499924242 ], [ 559094.898097826633602, 6735528.641304369084537 ], [ 559070.264945652685128, 6735529.307065239176154 ], [ 559064.273097826633602, 6735535.96467393450439 ], [ 559055.618206522311084, 6735545.285326108336449 ], [ 559040.971467391820624, 6735559.932065239176154 ], [ 559016.33831521787215, 6735581.90217393450439 ], [ 558981.718750000465661, 6735599.877717413008213 ], [ 558976.392663044040091, 6735609.198369586840272 ], [ 558971.732336957007647, 6735626.508152195252478 ], [ 558971.066576087498106, 6735630.502717413008213 ], [ 558987.710597826633602, 6735635.163043499924242 ], [ 558999.028532609227113, 6735631.834239152260125 ], [ 559009.680706522311084, 6735627.173913065344095 ], [ 559018.335597826633602, 6735618.519021760672331 ], [ 559025.658967391820624, 6735611.195652195252478 ], [ 559030.98505434836261, 6735605.203804369084537 ], [ 559034.979619565769099, 6735597.21467393450439 ], [ 559036.976902174414136, 6735595.883152195252478 ], [ 559053.620923913549632, 6735591.888586978428066 ], [ 559056.949728261330165, 6735592.55434784758836 ], [ 559067.601902174414136, 6735596.548913065344095 ], [ 559077.58831521787215, 6735597.880434804596007 ], [ 559086.243206522311084, 6735596.548913065344095 ], [ 559094.898097826633602, 6735592.55434784758836 ], [ 559098.226902174414136, 6735585.230978282168508 ], [ 559106.881793478736654, 6735570.584239152260125 ], [ 559111.542119565769099, 6735560.597826108336449 ], [ 559114.205163044040091, 6735551.27717393450439 ], [ 559115.536684783175588, 6735537.961956542916596 ], [ 559117.533967391820624, 6735529.972826108336449 ], [ 559118.199728261330165, 6735516.657608717679977 ], [ 559118.865489130956121, 6735511.331521760672331 ], [ 559120.862771739601158, 6735500.67934784758836 ], [ 559124.191576087498106, 6735493.355978282168508 ], [ 559130.849184783175588, 6735492.690217413008213 ], [ 559139.504076087498106, 6735492.024456542916596 ], [ 559140.835597826633602, 6735491.358695673756301 ], [ 559143.498641304904595, 6735484.701086978428066 ], [ 559144.164402174414136, 6735476.046195673756301 ], [ 559146.161684783175588, 6735466.725543499924242 ], [ 559147.493206522311084, 6735462.730978282168508 ], [ 559147.493206522311084, 6735458.736413065344095 ], [ 559146.827445652685128, 6735453.410326108336449 ], [ 559137.506793478736654, 6735452.078804369084537 ] ] ] ] } },
{ "type": "Feature", "properties": { "id": 5 }, "geometry": { "type": "MultiPolygon", "coordinates": [ [ [ [ 559057.615489131072536, 6735826.236413068138063 ], [ 559056.28396739193704, 6735824.239130459725857 ], [ 559059.612771739717573, 6735838.88586958963424 ], [ 559057.615489131072536, 6735852.201086981222034 ], [ 559056.94972826144658, 6735860.855978285893798 ], [ 559050.292119565769099, 6735872.83967393822968 ], [ 559040.97146739193704, 6735876.834239155054092 ], [ 559036.976902174530551, 6735884.82336958963424 ], [ 559041.63722826144658, 6735896.807065241970122 ], [ 559047.629076087498106, 6735898.138586981222034 ], [ 559055.618206522311084, 6735896.141304372809827 ], [ 559056.28396739193704, 6735892.146739155054092 ], [ 559066.270380435395055, 6735890.149456546641886 ], [ 559071.59646739193704, 6735882.160326112061739 ], [ 559071.59646739193704, 6735872.173913068138063 ], [ 559070.930706522311084, 6735864.85054350271821 ], [ 559070.930706522311084, 6735857.52717393822968 ], [ 559070.930706522311084, 6735846.87500002514571 ], [ 559074.925271739717573, 6735839.551630459725857 ], [ 559075.591032609227113, 6735839.551630459725857 ], [ 559082.914402174530551, 6735850.203804372809827 ], [ 559084.245923913666047, 6735856.861413068138063 ], [ 559092.900815217988566, 6735872.173913068138063 ], [ 559098.892663044040091, 6735884.157608720473945 ], [ 559101.555706522311084, 6735893.478260894306004 ], [ 559104.218750000582077, 6735904.130434807389975 ], [ 559104.884510870208032, 6735912.785326112061739 ], [ 559106.881793478853069, 6735920.108695676550269 ], [ 559118.865489131072536, 6735922.105978285893798 ], [ 559124.857336957124062, 6735914.782608720473945 ], [ 559122.194293478853069, 6735899.470108720473945 ], [ 559121.528532609227113, 6735886.820652198977768 ], [ 559119.531250000582077, 6735872.83967393822968 ], [ 559118.865489131072536, 6735860.190217415802181 ], [ 559112.207880435395055, 6735846.209239155054092 ], [ 559102.22146739193704, 6735835.557065241970122 ], [ 559092.900815217988566, 6735824.904891328886151 ], [ 559085.577445652801543, 6735814.252717415802181 ], [ 559078.919836957124062, 6735804.266304372809827 ], [ 559072.26222826144658, 6735787.622282633557916 ], [ 559062.941576087498106, 6735773.641304372809827 ], [ 559056.28396739193704, 6735774.307065241970122 ], [ 559053.620923913666047, 6735784.293478285893798 ], [ 559057.615489131072536, 6735804.932065241970122 ], [ 559057.615489131072536, 6735826.236413068138063 ] ] ] ] } },
{ "type": "Feature", "properties": { "id": 7 }, "geometry": { "type": "MultiPolygon", "coordinates": [ [ [ [ 558935.781250000465661, 6735854.198369587771595 ], [ 558944.436141304904595, 6735852.866847848519683 ], [ 558952.425271739601158, 6735842.880434805527329 ], [ 558956.419836957007647, 6735838.885869587771595 ], [ 558956.419836957007647, 6735825.570652196183801 ], [ 558953.756793478736654, 6735824.904891327023506 ], [ 558949.096467391820624, 6735824.904891327023506 ], [ 558944.436141304904595, 6735828.233695674687624 ], [ 558936.447010870091617, 6735824.904891327023506 ], [ 558926.460597826633602, 6735823.573369587771595 ], [ 558917.805706522311084, 6735829.565217413939536 ], [ 558909.816576087498106, 6735838.220108717679977 ], [ 558906.487771739601158, 6735855.529891327023506 ], [ 558913.811141304904595, 6735862.187500022351742 ], [ 558925.129076087498106, 6735863.519021761603653 ], [ 558935.781250000465661, 6735854.198369587771595 ] ] ] ] } },
{ "type": "Feature", "properties": { "id": 8 }, "geometry": { "type": "MultiPolygon", "coordinates": [ [ [ [ 559242.031250000349246, 6735925.434782628901303 ], [ 559227.384510869975202, 6735937.418478280305862 ], [ 559215.400815217755735, 6735953.39673915039748 ], [ 559210.407608696026728, 6735956.05978262796998 ], [ 559204.082880435162224, 6735965.713315237313509 ], [ 559196.426630435162224, 6735970.706521758809686 ], [ 559194.76222826121375, 6735974.035326106473804 ], [ 559194.096467391704209, 6735979.694293498061597 ], [ 559200.754076087265275, 6735983.023097845725715 ], [ 559204.082880435162224, 6735984.687500019557774 ], [ 559211.406250000349246, 6735989.014945671893656 ], [ 559218.396739130839705, 6735994.34103262796998 ], [ 559225.38722826121375, 6735998.002717411145568 ], [ 559229.714673913433217, 6735994.34103262796998 ], [ 559229.714673913433217, 6735987.350543498061597 ], [ 559222.058423913433217, 6735982.024456541053951 ], [ 559222.058423913433217, 6735975.699728280305862 ], [ 559227.051630435162224, 6735974.368206541053951 ], [ 559236.372282609110698, 6735974.035326106473804 ], [ 559241.365489130839705, 6735970.706521758809686 ], [ 559244.694293478620239, 6735962.717391324229538 ], [ 559246.691576087265275, 6735956.725543498061597 ], [ 559252.017663043807261, 6735955.394021758809686 ], [ 559258.009510869975202, 6735953.06385871488601 ], [ 559262.336956522078253, 6735950.733695671893656 ], [ 559266.331521739484742, 6735945.40760871488601 ], [ 559263.002717391704209, 6735937.418478280305862 ], [ 559261.005434782942757, 6735935.421195671893656 ], [ 559246.691576087381691, 6735932.758152193389833 ], [ 559240.033967391704209, 6735934.089673932641745 ], [ 559242.031250000349246, 6735925.434782628901303 ] ] ] ] } },
{ "type": "Feature", "properties": { "id": 9 }, "geometry": { "type": "MultiPolygon", "coordinates": [ [ [ [ 559292.296195652568713, 6735985.686141323298216 ], [ 559289.300271739484742, 6735974.701086975634098 ], [ 559286.63722826121375, 6735973.702445671893656 ], [ 559282.975543478620239, 6735973.702445671893656 ], [ 559275.652173913433217, 6735975.033967410214245 ], [ 559273.654891304671764, 6735980.360054367221892 ], [ 559273.987771739484742, 6735986.019021758809686 ], [ 559277.649456522078253, 6735992.343750019557774 ], [ 559279.313858696026728, 6735996.005434801802039 ], [ 559285.305706522078253, 6736001.664402193389833 ], [ 559286.970108696026728, 6736005.658967410214245 ], [ 559291.297554348129779, 6736012.649456541053951 ], [ 559297.28940217429772, 6736014.979619584977627 ], [ 559307.608695652568713, 6736014.646739149466157 ], [ 559309.60597826121375, 6736010.319293497130275 ], [ 559313.267663043807261, 6736001.664402193389833 ], [ 559315.930706522078253, 6735998.002717410214245 ], [ 559316.596467391704209, 6735991.012228280305862 ], [ 559315.264945652568713, 6735988.016304367221892 ], [ 559313.267663043807261, 6735987.350543497130275 ], [ 559307.275815217755735, 6735987.683423932641745 ], [ 559300.951086956891231, 6735987.350543497130275 ], [ 559292.296195652568713, 6735985.686141323298216 ] ] ] ] } },
{ "type": "Feature", "properties": { "id": 10 }, "geometry": { "type": "MultiPolygon", "coordinates": [ [ [ [ 559300.618206522078253, 6735863.519021755084395 ], [ 559300.618206522078253, 6735871.175271755084395 ], [ 559303.614130435045809, 6735873.838315232656896 ], [ 559305.278532608994283, 6735879.164402189664543 ], [ 559302.948369565536268, 6735888.152173928916454 ], [ 559301.283967391587794, 6735892.812500015832484 ], [ 559293.294836956774816, 6735898.138586971908808 ], [ 559288.967391304671764, 6735903.797554363496602 ], [ 559288.634510869858786, 6735909.123641319572926 ], [ 559289.966032608994283, 6735912.785326102748513 ], [ 559293.294836956774816, 6735914.782608711160719 ], [ 559301.283967391587794, 6735917.77853262424469 ], [ 559302.282608695910312, 6735920.108695668168366 ], [ 559304.612771739484742, 6735923.770380450412631 ], [ 559311.603260869858786, 6735930.095108711160719 ], [ 559320.591032608994283, 6735934.755434798076749 ], [ 559326.582880435045809, 6735930.095108711160719 ], [ 559325.58423913072329, 6735926.100543493404984 ], [ 559321.922554348129779, 6735923.437500015832484 ], [ 559318.926630435045809, 6735921.440217406488955 ], [ 559320.591032608994283, 6735919.442934798076749 ], [ 559323.254076087265275, 6735918.444293493404984 ], [ 559329.578804348129779, 6735916.114130450412631 ], [ 559330.577445652452298, 6735910.12228262424469 ], [ 559326.915760869858786, 6735906.793478276580572 ], [ 559323.254076087265275, 6735903.464673928916454 ], [ 559318.260869565536268, 6735899.802989145740867 ], [ 559321.922554348246194, 6735896.807065233588219 ], [ 559317.927989130839705, 6735894.144021755084395 ], [ 559319.259510869975202, 6735886.820652190595865 ], [ 559325.917119565652683, 6735880.828804364427924 ], [ 559335.903532609110698, 6735871.508152190595865 ], [ 559339.898097826517187, 6735865.516304364427924 ], [ 559339.232336956891231, 6735856.195652190595865 ], [ 559333.906250000349246, 6735853.532608712092042 ], [ 559329.245923913433217, 6735846.209239146672189 ], [ 559323.919836956891231, 6735840.217391320504248 ], [ 559321.922554348246194, 6735833.559782625176013 ], [ 559320.591032609110698, 6735823.573369581252337 ], [ 559316.596467391704209, 6735819.578804364427924 ], [ 559310.604619565652683, 6735817.581521755084395 ], [ 559303.947010869975202, 6735826.902173928916454 ], [ 559291.297554348246194, 6735836.88858697284013 ], [ 559280.645380435162224, 6735841.54891305975616 ], [ 559267.995923913433217, 6735852.20108697284013 ], [ 559254.680706522078253, 6735858.858695668168366 ], [ 559252.017663043807261, 6735850.869565233588219 ], [ 559246.691576087381691, 6735843.546195668168366 ], [ 559241.365489130839705, 6735842.214673928916454 ], [ 559232.044836956891231, 6735848.872282625176013 ], [ 559228.716032609110698, 6735854.198369581252337 ], [ 559233.376358696026728, 6735863.519021755084395 ], [ 559238.036684782942757, 6735867.51358697284013 ], [ 559239.368206522078253, 6735876.168478277511895 ], [ 559244.028532609110698, 6735887.48641305975616 ], [ 559257.343750000349246, 6735895.475543494336307 ], [ 559260.006793478620239, 6735896.141304364427924 ], [ 559264.667119565652683, 6735892.146739146672189 ], [ 559286.63722826121375, 6735880.163043494336307 ], [ 559287.968750000349246, 6735869.510869581252337 ], [ 559300.618206522078253, 6735863.519021755084395 ] ] ] ] } },
{ "type": "Feature", "properties": { "id": 11 }, "geometry": { "type": "MultiPolygon", "coordinates": [ [ [ [ 559469.055706521845423, 6735660.129076101817191 ], [ 559481.03940217406489, 6735640.156250013969839 ], [ 559488.362771739251912, 6735636.161684796214104 ], [ 559492.357336956658401, 6735630.83559784013778 ], [ 559492.357336956658401, 6735626.841032622382045 ], [ 559494.021739130606875, 6735618.851902187801898 ], [ 559496.019021739251912, 6735610.197010883130133 ], [ 559499.014945652335882, 6735602.540760883130133 ], [ 559500.346467391471379, 6735597.214673927053809 ], [ 559499.34782608714886, 6735594.218750013969839 ], [ 559499.014945652335882, 6735590.224184796214104 ], [ 559498.682065217522904, 6735582.900815230794251 ], [ 559495.020380434929393, 6735580.570652187801898 ], [ 559486.36548913049046, 6735574.911684797145426 ], [ 559487.697010869625956, 6735582.235054362565279 ], [ 559487.697010869625956, 6735591.555706536397338 ], [ 559485.033967391471379, 6735600.210597841069102 ], [ 559480.373641304438934, 6735608.865489145740867 ], [ 559468.389945652335882, 6735620.849184797145426 ], [ 559459.735054347896948, 6735626.841032623313367 ], [ 559455.074728260980919, 6735628.838315232656896 ], [ 559440.42798913049046, 6735636.161684797145426 ], [ 559429.110054347896948, 6735643.485054362565279 ], [ 559413.797554347896948, 6735654.802989145740867 ], [ 559394.49048913049046, 6735670.781250014901161 ], [ 559379.17798913049046, 6735678.770380449481308 ], [ 559363.86548913049046, 6735691.419836971908808 ], [ 559348.55298913049046, 6735708.063858710229397 ], [ 559339.898097826167941, 6735720.047554362565279 ], [ 559331.243206521845423, 6735738.688858710229397 ], [ 559330.577445652335882, 6735749.341032623313367 ], [ 559331.243206521845423, 6735752.004076101817191 ], [ 559347.887228260980919, 6735744.014945667237043 ], [ 559360.536684782709926, 6735728.036684797145426 ], [ 559371.188858695793897, 6735718.050271754153073 ], [ 559380.509510869625956, 6735707.398097841069102 ], [ 559385.835597826167941, 6735702.737771754153073 ], [ 559398.485054347896948, 6735690.754076101817191 ], [ 559405.14266304357443, 6735682.099184797145426 ], [ 559423.783967391471379, 6735672.112771754153073 ], [ 559438.430706521845423, 6735662.126358710229397 ], [ 559445.754076087032445, 6735653.471467406488955 ], [ 559452.411684782709926, 6735657.466032623313367 ], [ 559469.055706521845423, 6735660.129076101817191 ] ] ] ] } },
{ "type": "Feature", "properties": { "id": 12 }, "geometry": { "type": "MultiPolygon", "coordinates": [ [ [ [ 559379.510869565303437, 6735733.029891318641603 ], [ 559372.853260869625956, 6735725.70652175322175 ], [ 559372.187500000116415, 6735725.70652175322175 ], [ 559370.855978260980919, 6735728.369565231725574 ], [ 559368.192934782709926, 6735737.024456536397338 ], [ 559360.203804347896948, 6735745.67934784013778 ], [ 559360.203804347896948, 6735747.010869579389691 ], [ 559354.877717391354963, 6735755.000000014901161 ], [ 559348.220108695677482, 6735762.323369579389691 ], [ 559344.891304347896948, 6735766.983695666305721 ], [ 559344.225543478270993, 6735779.63315218873322 ], [ 559344.225543478270993, 6735779.63315218873322 ], [ 559347.554347826167941, 6735788.953804362565279 ], [ 559352.214673913083971, 6735791.61684784013778 ], [ 559362.201086956541985, 6735789.619565231725574 ], [ 559371.52173913049046, 6735776.30434784013778 ], [ 559374.184782608761452, 6735762.989130449481308 ], [ 559377.513586956541985, 6735748.342391318641603 ], [ 559379.510869565303437, 6735733.029891318641603 ] ] ] ] } },
{ "type": "Feature", "properties": { "id": 14 }, "geometry": { "type": "MultiPolygon", "coordinates": [ [ [ [ 559187.77173913049046, 6735717.051630449481308 ], [ 559189.103260869625956, 6735724.375000014901161 ], [ 559182.445652173948474, 6735733.69565218873322 ], [ 559180.448369565303437, 6735742.350543492473662 ], [ 559174.456521739251912, 6735745.013586970977485 ], [ 559166.467391304438934, 6735749.673913057893515 ], [ 559163.138586956658401, 6735757.663043492473662 ], [ 559165.801630434812978, 6735768.315217405557632 ], [ 559174.456521739251912, 6735774.307065231725574 ], [ 559181.779891304438934, 6735773.641304362565279 ], [ 559185.774456521845423, 6735772.309782623313367 ], [ 559192.432065217522904, 6735769.646739144809544 ], [ 559193.097826087032445, 6735762.989130449481308 ], [ 559191.100543478387408, 6735752.336956536397338 ], [ 559198.42391304357443, 6735743.016304362565279 ], [ 559199.089673913083971, 6735741.01902175322175 ], [ 559205.747282608761452, 6735731.032608710229397 ], [ 559206.413043478387408, 6735729.035326101817191 ], [ 559205.081521739251912, 6735719.048913057893515 ], [ 559202.418478260980919, 6735710.39402175322175 ], [ 559198.42391304357443, 6735707.73097827564925 ], [ 559191.766304347896948, 6735704.402173927985132 ], [ 559185.774456521845423, 6735701.073369579389691 ], [ 559179.116847826167941, 6735698.410326101817191 ], [ 559171.793478260980919, 6735700.407608710229397 ], [ 559180.448369565303437, 6735711.059782623313367 ], [ 559187.77173913049046, 6735717.051630449481308 ] ] ] ] } },
{ "type": "Feature", "properties": { "id": 6 }, "geometry": { "type": "MultiPolygon", "coordinates": [ [ [ [ 559990.67934782593511, 6735633.165760884061456 ], [ 560003.328804347664118, 6735641.154891318641603 ], [ 560011.317934782477096, 6735655.135869579389691 ], [ 560006.657608695444651, 6735674.442934797145426 ], [ 560006.657608695444651, 6735684.42934784013778 ], [ 560007.989130434580147, 6735688.423913057893515 ], [ 560011.983695651986636, 6735691.752717405557632 ], [ 560019.972826086799614, 6735695.08152175322175 ], [ 560023.967391304206103, 6735699.076086970977485 ], [ 560027.296195651986636, 6735717.717391318641603 ], [ 560027.296195651986636, 6735726.372282623313367 ], [ 560027.296195651986636, 6735731.698369579389691 ], [ 560027.296195651986636, 6735750.339673927985132 ], [ 560029.293478260864504, 6735768.315217406488955 ], [ 560027.961956521729007, 6735796.942934797145426 ], [ 560017.975543478154577, 6735819.578804362565279 ], [ 560006.657608695561066, 6735834.891304362565279 ], [ 560006.657608695677482, 6735849.538043493404984 ], [ 560002.663043478270993, 6735876.834239145740867 ], [ 560002.663043478270993, 6735898.138586971908808 ], [ 560005.991847826051526, 6735917.44565218873322 ], [ 560009.320652173948474, 6735927.432065232656896 ], [ 560011.983695652219467, 6735939.415760884061456 ], [ 560015.3125, 6735952.065217406488955 ], [ 560021.970108695677482, 6735952.065217406488955 ], [ 560024.633152173948474, 6735934.755434797145426 ], [ 560021.304347826051526, 6735922.771739145740867 ], [ 560017.309782608761452, 6735907.459239145740867 ], [ 560015.978260869625956, 6735872.839673927985132 ], [ 560017.975543478270993, 6735868.179347841069102 ], [ 560022.635869565187022, 6735851.535326101817191 ], [ 560027.296195652219467, 6735836.888586971908808 ], [ 560034.619565217406489, 6735819.578804362565279 ], [ 560037.948369565187022, 6735808.926630449481308 ], [ 560040.611413043458015, 6735794.279891319572926 ], [ 560042.608695652219467, 6735780.964673927985132 ], [ 560043.274456521729007, 6735761.657608710229397 ], [ 560043.940217391354963, 6735743.016304362565279 ], [ 560044.605978260864504, 6735725.040760884061456 ], [ 560041.942934782593511, 6735710.394021754153073 ], [ 560041.277173913083971, 6735696.413043493404984 ], [ 560040.611413043458015, 6735685.095108710229397 ], [ 560036.616847826051526, 6735675.774456536397338 ], [ 560030.625, 6735662.459239145740867 ], [ 560022.635869565187022, 6735651.141304362565279 ], [ 560020.638586956541985, 6735644.483695667237043 ], [ 560007.323369565187022, 6735628.505434797145426 ], [ 560000.0, 6735622.513586971908808 ], [ 559998.002717391354963, 6735620.516304362565279 ], [ 559998.002717391354963, 6735620.516304362565279 ], [ 559980.027173913083971, 6735601.875000013038516 ], [ 559976.032608695677482, 6735617.853260882198811 ], [ 559990.67934782593511, 6735633.165760884061456 ] ] ] ] } },
{ "type": "Feature", "properties": { "id": 4 }, "geometry": { "type": "MultiPolygon", "coordinates": [ [ [ [ 559699.076086956541985, 6735856.861413056962192 ], [ 559676.440217391354963, 6735871.508152186870575 ], [ 559647.14673913049046, 6735894.144021752290428 ], [ 559623.179347826051526, 6735908.790760883130133 ], [ 559609.864130434812978, 6735936.75271740462631 ], [ 559615.190217391354963, 6735940.747282622382045 ], [ 559624.510869565187022, 6735947.40489131771028 ], [ 559636.494565217406489, 6735931.426630448549986 ], [ 559656.467391304322518, 6735915.448369578458369 ], [ 559675.108695652219467, 6735902.133152186870575 ], [ 559681.766304347896948, 6735896.807065230794251 ], [ 559688.423913043458015, 6735894.144021752290428 ], [ 559700.407608695677482, 6735875.50271740462631 ], [ 559701.739130434812978, 6735875.50271740462631 ], [ 559705.733695652219467, 6735874.171195665374398 ], [ 559715.054347826051526, 6735870.176630448549986 ], [ 559716.385869565187022, 6735870.176630448549986 ], [ 559720.380434782593511, 6735862.187500013038516 ], [ 559725.706521739135496, 6735855.52989131771028 ], [ 559725.706521739135496, 6735855.52989131771028 ], [ 559717.717391304322518, 6735851.535326099954545 ], [ 559699.076086956541985, 6735856.861413056962192 ] ] ] ] } },
{ "type": "Feature", "properties": { "id": 15 }, "geometry": { "type": "MultiPolygon", "coordinates": [ [ [ [ 559765.652173912967555, 6735479.375000013969839 ], [ 559773.641304347780533, 6735464.728260883130133 ], [ 559770.312499999883585, 6735462.730978274717927 ], [ 559766.983695652103052, 6735461.399456535466015 ], [ 559762.323369565187022, 6735460.733695666305721 ], [ 559753.668478260748088, 6735466.725543491542339 ], [ 559743.682065217290074, 6735473.383152187801898 ], [ 559725.706521739019081, 6735483.369565230794251 ], [ 559711.725543478154577, 6735489.361413056962192 ], [ 559699.741847826051526, 6735499.347826100885868 ], [ 559692.418478260748088, 6735506.671195666305721 ], [ 559677.105978260748088, 6735521.983695666305721 ], [ 559671.779891304206103, 6735524.646739143878222 ], [ 559649.809782608645037, 6735541.95652175322175 ], [ 559643.817934782477096, 6735549.945652187801898 ], [ 559641.820652173832059, 6735559.932065230794251 ], [ 559645.149456521612592, 6735570.584239143878222 ], [ 559650.475543478154577, 6735572.58152175322175 ], [ 559657.133152173832059, 6735571.250000013969839 ], [ 559667.119565217290074, 6735559.266304361633956 ], [ 559679.10326086950954, 6735543.953804361633956 ], [ 559699.741847826051526, 6735524.646739143878222 ], [ 559729.70108695642557, 6735504.673913056962192 ], [ 559751.005434782477096, 6735487.364130448549986 ], [ 559765.652173912967555, 6735479.375000013969839 ] ] ] ] } },
{ "type": "Feature", "properties": { "id": 13 }, "geometry": { "type": "MultiPolygon", "coordinates": [ [ [ [ 560304.252717391238548, 6736031.956521752290428 ], [ 560300.258152173832059, 6735986.019021752290428 ], [ 560299.592391304206103, 6735970.040760883130133 ], [ 560300.923913043341599, 6735949.402173927053809 ], [ 560298.260869565070607, 6735930.095108709298074 ], [ 560295.597826086916029, 6735926.100543491542339 ], [ 560279.619565217290074, 6735924.103260883130133 ], [ 560273.627717391238548, 6735920.108695665374398 ], [ 560266.304347826051526, 6735912.119565230794251 ], [ 560251.657608695561066, 6735898.804347839206457 ], [ 560242.336956521612592, 6735895.475543491542339 ], [ 560231.684782608645037, 6735896.807065230794251 ], [ 560230.35326086950954, 6735906.793478274717927 ], [ 560232.350543478154577, 6735911.453804361633956 ], [ 560244.999999999883585, 6735928.763586970046163 ], [ 560256.317934782477096, 6735919.442934796214104 ], [ 560256.317934782477096, 6735920.108695665374398 ], [ 560268.301630434696563, 6735932.09239131771028 ], [ 560272.961956521612592, 6735939.415760883130133 ], [ 560278.288043478154577, 6735956.725543491542339 ], [ 560281.616847826051526, 6735967.37771740462631 ], [ 560282.282608695561066, 6735974.701086970046163 ], [ 560282.282608695561066, 6735987.350543491542339 ], [ 560282.282608695561066, 6736005.326086970046163 ], [ 560287.608695652103052, 6736026.630434796214104 ], [ 560286.942934782477096, 6736035.951086970046163 ], [ 560300.258152173832059, 6736056.589673927053809 ], [ 560309.578804347780533, 6736047.934782622382045 ], [ 560304.252717391238548, 6736031.956521752290428 ] ] ] ] } },
{ "type": "Feature", "properties": { "id": 16 }, "geometry": { "type": "MultiPolygon", "coordinates": [ [ [ [ 560396.793478260515258, 6735853.532608706504107 ], [ 560392.798913043225184, 6735878.165760880336165 ], [ 560385.475543477921747, 6735885.489130445756018 ], [ 560384.809782608412206, 6735890.815217401832342 ], [ 560375.489130434463732, 6735902.798913054168224 ], [ 560370.828804347547702, 6735910.122282619588077 ], [ 560370.828804347547702, 6735918.111413054168224 ], [ 560380.815217391005717, 6735930.095108706504107 ], [ 560385.475543477921747, 6735940.081521750427783 ], [ 560389.470108695328236, 6735953.396739141084254 ], [ 560390.801630434463732, 6735979.361413054168224 ], [ 560391.467391304089688, 6735986.684782619588077 ], [ 560392.133152173599228, 6735998.668478271923959 ], [ 560400.122282608412206, 6736017.975543488748372 ], [ 560401.453804347547702, 6736025.298913054168224 ], [ 560405.448369564954191, 6736031.956521750427783 ], [ 560412.105978260515258, 6736031.290760880336165 ], [ 560419.429347825818695, 6736026.630434793420136 ], [ 560424.089673912734725, 6736025.298913054168224 ], [ 560426.086956521379761, 6736014.646739141084254 ], [ 560428.749999999650754, 6736006.657608706504107 ], [ 560433.410326086683199, 6736000.000000011175871 ], [ 560438.736413043225184, 6735990.679347837343812 ], [ 560446.059782608412206, 6735986.019021750427783 ], [ 560450.054347825818695, 6735984.021739141084254 ], [ 560452.051630434463732, 6735976.032608706504107 ], [ 560455.380434782244265, 6735964.048913054168224 ], [ 560452.717391304089688, 6735950.733695662580431 ], [ 560449.388586956192739, 6735945.407608706504107 ], [ 560446.059782608412206, 6735944.076086967252195 ], [ 560444.062499999650754, 6735942.744565228000283 ], [ 560434.741847825818695, 6735944.741847837343812 ], [ 560430.08152173878625, 6735948.736413054168224 ], [ 560420.095108695328236, 6735956.725543488748372 ], [ 560416.766304347547702, 6735952.730978271923959 ], [ 560412.105978260515258, 6735938.084239141084254 ], [ 560405.448369564954191, 6735930.760869575664401 ], [ 560397.459239130141214, 6735919.442934793420136 ], [ 560394.796195651870221, 6735908.125000011175871 ], [ 560399.45652173878625, 6735893.478260880336165 ], [ 560404.116847825818695, 6735884.157608706504107 ], [ 560412.105978260515258, 6735872.839673924259841 ], [ 560414.76902173878625, 6735862.853260880336165 ], [ 560414.10326086927671, 6735851.5353260980919 ], [ 560408.777173912734725, 6735848.206521750427783 ], [ 560402.785326086683199, 6735844.877717401832342 ], [ 560396.793478260515258, 6735853.532608706504107 ] ] ] ] } },
{ "type": "Feature", "properties": { "id": 17 }, "geometry": { "type": "MultiPolygon", "coordinates": [ [ [ [ 558742.37771739216987, 6735023.994565228931606 ], [ 558758.355978261679411, 6735052.400362330488861 ], [ 558758.355978261679411, 6735079.030797113664448 ], [ 558749.479166667442769, 6735123.414855084381998 ], [ 558756.580615942832083, 6735130.516304359771311 ], [ 558774.334239131305367, 6735137.617753635160625 ], [ 558779.660326087730937, 6735126.965579722076654 ], [ 558784.986413044272922, 6735103.885869576595724 ], [ 558781.435688406578265, 6735071.929347838275135 ], [ 558786.76177536312025, 6735048.849637692794204 ], [ 558786.76177536312025, 6735032.871376823633909 ], [ 558783.211050725425594, 6735022.219202910549939 ], [ 558756.580615942832083, 6735032.871376823633909 ], [ 558749.479166667442769, 6735020.443840591236949 ], [ 558742.37771739216987, 6735023.994565228931606 ] ] ] ] } },
{ "type": "Feature", "properties": { "id": 18 }, "geometry": { "type": "MultiPolygon", "coordinates": [ [ [ [ 558769.895833334303461, 6735165.135869576595724 ], [ 558759.243659421335906, 6735167.798913055099547 ], [ 558758.355978261912242, 6735168.68659421429038 ], [ 558757.468297102488577, 6735176.67572464980185 ], [ 558761.019021740183234, 6735184.664855084381998 ], [ 558769.895833334303461, 6735213.958333345130086 ], [ 558769.008152174879797, 6735219.28442030120641 ], [ 558761.906702899606898, 6735236.150362330488861 ], [ 558755.692934783641249, 6735247.690217402763665 ], [ 558761.906702899606898, 6735272.545289866626263 ], [ 558773.446557971998118, 6735270.769927548244596 ], [ 558775.221920290845446, 6735259.230072475969791 ], [ 558781.435688406811096, 6735235.262681171298027 ], [ 558784.986413044505753, 6735226.385869576595724 ], [ 558794.750905798166059, 6735205.081521750427783 ], [ 558795.638586957589723, 6735186.440217402763665 ], [ 558792.975543479318731, 6735179.338768127374351 ], [ 558786.761775363353081, 6735176.67572464980185 ], [ 558778.772644928540103, 6735174.012681171298027 ], [ 558769.895833334303461, 6735165.135869576595724 ] ] ] ] } },
{ "type": "Feature", "properties": { "id": 19 }, "geometry": { "type": "MultiPolygon", "coordinates": [ [ [ [ 558579.044384058914147, 6735045.298913054168224 ], [ 558582.595108696608804, 6735063.940217401832342 ], [ 558581.70742753718514, 6735090.57065218500793 ], [ 558582.595108696608804, 6735110.987318851053715 ], [ 558588.808876812574454, 6735127.853260880336165 ], [ 558591.471920290845446, 6735139.39311595261097 ], [ 558587.033514493727125, 6735173.125000011175871 ], [ 558586.145833334303461, 6735182.889492764137685 ], [ 558587.921195653150789, 6735202.418478271923959 ], [ 558588.808876812574454, 6735225.498188416473567 ], [ 558588.808876812574454, 6735239.701086967252195 ], [ 558594.134963769116439, 6735250.353260880336165 ], [ 558611.000905798049644, 6735259.230072475038469 ], [ 558621.653079711133614, 6735255.679347837343812 ], [ 558622.540760870557278, 6735240.588768126443028 ], [ 558609.225543479202315, 6735229.936594213359058 ], [ 558603.011775363236666, 6735214.846014503389597 ], [ 558603.011775363236666, 6735205.969202909618616 ], [ 558606.562500000931323, 6735184.664855083450675 ], [ 558606.562500000931323, 6735162.4728260980919 ], [ 558603.011775363236666, 6735146.494565228000283 ], [ 558603.011775363236666, 6735128.740942039526999 ], [ 558612.776268116896972, 6735114.538043488748372 ], [ 558618.102355073438957, 6735104.773550735786557 ], [ 558625.203804348828271, 6735082.58152174949646 ], [ 558626.091485508251935, 6735066.603260880336165 ], [ 558616.326992754591629, 6735054.175724647939205 ], [ 558609.225543479202315, 6735043.523550735786557 ], [ 558608.337862319778651, 6735042.635869575664401 ], [ 558588.808876812574454, 6735036.422101460397243 ], [ 558579.044384058914147, 6735045.298913054168224 ] ] ] ] } },
{ "type": "Feature", "properties": { "id": 20 }, "geometry": { "type": "MultiPolygon", "coordinates": [ [ [ [ 555274.207427534624003, 6738375.878623200580478 ], [ 555270.656702896929346, 6738376.766304359771311 ], [ 555268.881340578082018, 6738383.867753635160625 ], [ 555262.667572462116368, 6738391.856884069740772 ], [ 555263.555253621540032, 6738405.172101461328566 ], [ 555260.89221014326904, 6738418.487318851985037 ], [ 555254.67844202730339, 6738423.813405808992684 ], [ 555252.903079708456062, 6738441.567028997465968 ], [ 555253.790760867879726, 6738453.994565228931606 ], [ 555247.576992752030492, 6738476.186594215221703 ], [ 555241.363224636064842, 6738488.614130446687341 ], [ 555234.261775360675529, 6738495.715579722076654 ], [ 555230.711050722980872, 6738509.918478272855282 ], [ 555228.935688404133543, 6738520.570652185939252 ], [ 555224.497282607015222, 6738532.99818841740489 ], [ 555221.83423912874423, 6738545.42572464980185 ], [ 555223.609601447591558, 6738567.617753635160625 ], [ 555233.374094201251864, 6738580.932971026748419 ], [ 555242.250905795488507, 6738577.382246389053762 ], [ 555243.138586954912171, 6738562.291666679084301 ], [ 555242.250905795488507, 6738552.527173925191164 ], [ 555244.913949273759499, 6738551.63949276600033 ], [ 555250.240036230185069, 6738549.864130446687341 ], [ 555255.566123186727054, 6738540.099637692794204 ], [ 555254.67844202730339, 6738532.110507258214056 ], [ 555247.576992752030492, 6738522.34601450432092 ], [ 555244.913949273759499, 6738518.795289866626263 ], [ 555253.790760867879726, 6738515.244565228931606 ], [ 555260.89221014326904, 6738506.367753635160625 ], [ 555261.779891302692704, 6738492.164855084381998 ], [ 555277.75815217231866, 6738492.164855084381998 ], [ 555282.196557969436981, 6738480.625000012107193 ], [ 555277.75815217231866, 6738469.972826099023223 ], [ 555283.971920288284309, 6738460.208333345130086 ], [ 555281.308876810013317, 6738449.556159432046115 ], [ 555275.095108694047667, 6738445.117753635160625 ], [ 555275.982789853471331, 6738438.016304359771311 ], [ 555277.75815217231866, 6738429.139492765069008 ], [ 555282.196557969436981, 6738427.364130446687341 ], [ 555286.634963766555302, 6738414.93659421429038 ], [ 555283.084239128860645, 6738410.49818841740489 ], [ 555288.410326085286215, 6738392.744565228931606 ], [ 555283.971920288284309, 6738389.193840591236949 ], [ 555274.207427534624003, 6738375.878623200580478 ] ] ] ] } },
{ "type": "Feature", "properties": { "id": 21 }, "geometry": { "type": "MultiPolygon", "coordinates": [ [ [ [ 555957.721920288633555, 6738116.675724647007883 ], [ 555963.935688404599205, 6738107.798913052305579 ], [ 555972.812499998835847, 6738098.034420298412442 ], [ 555976.363224636530504, 6738085.606884066946805 ], [ 555979.91394927422516, 6738080.280797109939158 ], [ 555985.24003623065073, 6738074.954710153862834 ], [ 555985.24003623065073, 6738069.628623196855187 ], [ 555980.801630433648825, 6738066.077898560091853 ], [ 555976.363224636530504, 6738063.41485508158803 ], [ 555973.700181158259511, 6738061.63949276227504 ], [ 555970.149456520564854, 6738061.63949276227504 ], [ 555965.711050723446533, 6738065.190217399969697 ], [ 555963.04800724517554, 6738068.740942037664354 ], [ 555953.283514491515234, 6738064.302536240778863 ], [ 555934.642210143734701, 6738056.313405806198716 ], [ 555929.316123187192716, 6738050.98731884919107 ], [ 555921.326992752379738, 6738046.548913052305579 ], [ 555902.685688404599205, 6738041.222826096229255 ], [ 555887.595108694396913, 6738036.784420298412442 ], [ 555877.830615940736607, 6738034.121376820839942 ], [ 555865.403079708805308, 6738039.447463776916265 ], [ 555864.515398549498059, 6738049.211956530809402 ], [ 555864.515398549498059, 6738064.302536240778863 ], [ 555892.921195650938898, 6738076.730072472244501 ], [ 555919.551630433532409, 6738091.820652183145285 ], [ 555938.192934781429358, 6738105.135869573801756 ], [ 555957.721920288633555, 6738116.675724647007883 ] ] ] ] } },
{ "type": "Feature", "properties": { "id": 22 }, "geometry": { "type": "MultiPolygon", "coordinates": [ [ [ [ 556848.066123187541962, 6736751.422101458534598 ], [ 556860.937500002677552, 6736779.716938411816955 ], [ 556867.151268118410371, 6736779.273097831755877 ], [ 556872.477355074835941, 6736772.615489136427641 ], [ 556880.022644929704256, 6736762.850996383465827 ], [ 556886.236413045437075, 6736762.407155803404748 ], [ 556893.78170290030539, 6736756.193387687206268 ], [ 556902.658514494192787, 6736746.872735514305532 ], [ 556918.192934783641249, 6736733.113677543587983 ], [ 556922.187500000931323, 6736729.562952905893326 ], [ 556927.957427537068725, 6736722.90534421056509 ], [ 556934.171195652801543, 6736714.472373195923865 ], [ 556936.390398551244289, 6736707.814764500595629 ], [ 556943.04800724668894, 6736699.381793485954404 ], [ 556954.587862318847328, 6736692.280344211496413 ], [ 556961.245471014408395, 6736671.41983696538955 ], [ 556962.133152173715644, 6736670.088315226137638 ], [ 556977.223731883452274, 6736658.992300733923912 ], [ 556986.544384057167917, 6736639.907155807130039 ], [ 556989.651268115034327, 6736614.164402184076607 ], [ 557004.298007245059125, 6736591.084692040458322 ], [ 557016.725543476524763, 6736570.668025373481214 ], [ 557039.80525362084154, 6736545.812952910549939 ], [ 557042.468297099112533, 6736524.064764505252242 ], [ 557031.372282606665976, 6736509.418025375343859 ], [ 557024.270833331393078, 6736521.401721027679741 ], [ 557020.27626811421942, 6736533.829257259145379 ], [ 557011.399456521612592, 6736539.710144937969744 ], [ 557004.298007246223278, 6736541.485507256351411 ], [ 557000.303442028816789, 6736539.266304357908666 ], [ 556991.426630434580147, 6736546.36775363329798 ], [ 556980.330615941784345, 6736561.01449276227504 ], [ 556971.897644927259535, 6736574.773550732992589 ], [ 556955.475543477921747, 6736598.297101458534598 ], [ 556947.042572463396937, 6736615.163043486885726 ], [ 556944.823369564837776, 6736629.365942037664354 ], [ 556939.053442028583959, 6736655.552536240778863 ], [ 556935.502717390889302, 6736674.193840588442981 ], [ 556929.288949274923652, 6736687.06521740090102 ], [ 556921.299818840110675, 6736700.824275371618569 ], [ 556899.551630434230901, 6736728.34239131398499 ], [ 556884.017210144316778, 6736737.663043487817049 ], [ 556875.584239129675552, 6736741.657608704641461 ], [ 556848.066123187541962, 6736751.422101458534598 ] ] ] ] } },
{ "type": "Feature", "properties": { "id": 23 }, "geometry": { "type": "MultiPolygon", "coordinates": [ [ [ [ 557160.086050719139166, 6736609.282155809924006 ], [ 557142.776268110843375, 6736623.485054359771311 ], [ 557134.787137676263228, 6736634.137228272855282 ], [ 557121.915760865085758, 6736653.666213779710233 ], [ 557113.482789850793779, 6736666.093750011175871 ], [ 557107.26902173506096, 6736679.85280798189342 ], [ 557103.718297097482719, 6736688.285778995603323 ], [ 557102.386775358347222, 6736706.039402184076607 ], [ 557097.060688402038068, 6736714.916213777847588 ], [ 557090.403079706477001, 6736719.798460153862834 ], [ 557081.526268112589605, 6736728.231431168504059 ], [ 557077.531702895299532, 6736733.113677545450628 ], [ 557078.863224634435028, 6736743.32201087847352 ], [ 557081.970108692301437, 6736748.204257255420089 ], [ 557110.375905792927369, 6736729.562952907755971 ], [ 557119.696557966643013, 6736725.124547110870481 ], [ 557133.455615937244147, 6736715.360054356977344 ], [ 557145.883152168709785, 6736688.285778995603323 ], [ 557159.642210139427334, 6736675.858242764137685 ], [ 557164.080615936312824, 6736663.874547112733126 ], [ 557165.412137675448321, 6736654.553894938901067 ], [ 557164.080615936312824, 6736648.340126822702587 ], [ 557160.973731878446415, 6736645.677083345130086 ], [ 557161.861413037870079, 6736638.575634069740772 ], [ 557164.524456516024657, 6736631.474184794351459 ], [ 557167.187499994295649, 6736619.934329722076654 ], [ 557160.086050719139166, 6736609.282155809924006 ] ] ] ] } },
{ "type": "Feature", "properties": { "id": 24 }, "geometry": { "type": "MultiPolygon", "coordinates": [ [ [ [ 557186.272644922020845, 6737079.75317029748112 ], [ 557194.261775356950238, 6737078.088768125511706 ], [ 557213.901721008587629, 6737078.088768125511706 ], [ 557219.227807965013199, 6737077.090126820839942 ], [ 557229.547101442934945, 6737069.766757256351411 ], [ 557237.86911231232807, 6737059.780344212427735 ], [ 557239.866394920973107, 6737055.785778995603323 ], [ 557243.195199268637225, 6737052.789855082519352 ], [ 557248.854166659875773, 6737048.79528986569494 ], [ 557255.844655790016986, 6737051.125452908687294 ], [ 557260.172101442120038, 6737051.125452908687294 ], [ 557263.833786224597134, 6737046.465126821771264 ], [ 557266.496829702868126, 6737041.471920300275087 ], [ 557270.824275354854763, 6737038.14311595261097 ], [ 557283.473731876234524, 6737030.153985518030822 ], [ 557289.465579702169634, 6737017.504528995603323 ], [ 557290.797101441305131, 6737008.516757256351411 ], [ 557298.4533514410723, 6737001.526268126443028 ], [ 557303.446557962684892, 6737001.193387691862881 ], [ 557306.109601440839469, 6736999.5289855170995 ], [ 557303.779438397381455, 6736984.216485518030822 ], [ 557312.76721013628412, 6736977.558876822702587 ], [ 557314.431612310232595, 6736965.242300735786557 ], [ 557322.753623179509304, 6736946.600996389053762 ], [ 557320.42346013605129, 6736937.61322464980185 ], [ 557324.750905788154341, 6736932.620018128305674 ], [ 557329.411231874953955, 6736926.96105073671788 ], [ 557331.075634048786014, 6736924.630887693725526 ], [ 557336.068840570398606, 6736918.306159432977438 ], [ 557341.727807961637154, 6736913.312952911481261 ], [ 557341.062047092011198, 6736903.659420303069055 ], [ 557333.738677527057007, 6736892.34148552082479 ], [ 557326.082427527289838, 6736894.338768129236996 ], [ 557320.756340570864268, 6736894.005887694656849 ], [ 557315.874094193568453, 6736907.543025375343859 ], [ 557307.884963758988306, 6736940.83106885291636 ], [ 557298.120471005677246, 6736947.488677548244596 ], [ 557295.457427527639084, 6736956.365489142015576 ], [ 557285.692934774211608, 6736971.012228271923959 ], [ 557276.37228260061238, 6736979.445199285633862 ], [ 557271.933876803610474, 6736989.653532618656754 ], [ 557244.415760862291791, 6737009.182518125511706 ], [ 557216.897644921089523, 6737027.823822473175824 ], [ 557199.587862312910147, 6737049.57201087847352 ], [ 557186.27264492190443, 6737058.892663052305579 ], [ 557163.636775357299484, 6737068.657155805267394 ], [ 557153.428442024393007, 6737070.876358703710139 ], [ 557164.968297096551396, 6737095.731431166641414 ], [ 557192.486413037753664, 6737111.709692035801709 ], [ 557193.374094197177328, 6737097.506793485954404 ], [ 557189.823369559599087, 6737093.956068848259747 ], [ 557186.272644922020845, 6737079.75317029748112 ] ] ] ] } },
{ "type": "Feature", "properties": { "id": 25 }, "geometry": { "type": "MultiPolygon", "coordinates": [ [ [ [ 558444.560688366182148, 6735511.220561645925045 ], [ 558451.218297061626799, 6735508.557518167421222 ], [ 558451.88405793113634, 6735506.560235559009016 ], [ 558454.547101409407333, 6735502.565670341253281 ], [ 558455.878623148426414, 6735495.24230077676475 ], [ 558455.212862278916873, 6735487.253170342184603 ], [ 558450.552536192117259, 6735477.932518168352544 ], [ 558446.557970974827185, 6735473.937952951528132 ], [ 558441.231884018401615, 6735471.274909473024309 ], [ 558435.905797062092461, 6735467.946105125360191 ], [ 558433.242753583821468, 6735473.937952951528132 ], [ 558437.237318801111542, 6735484.59012686368078 ], [ 558439.234601409756579, 6735501.899909472092986 ], [ 558444.560688366182148, 6735511.220561645925045 ] ] ] ] } },
{ "type": "Feature", "properties": { "id": 26 }, "geometry": { "type": "MultiPolygon", "coordinates": [ [ [ [ 557139.669384054490365, 6736896.00317030120641 ], [ 557145.661231880541891, 6736898.999094212427735 ], [ 557148.657155793509446, 6736897.334692038595676 ], [ 557153.650362315122038, 6736895.004528994672 ], [ 557155.64764492365066, 6736893.340126820839942 ], [ 557162.971014488721266, 6736890.011322473175824 ], [ 557171.293025357997976, 6736886.016757256351411 ], [ 557176.951992749236524, 6736885.018115951679647 ], [ 557184.608242749003693, 6736876.363224647939205 ], [ 557191.931612313957885, 6736873.034420300275087 ], [ 557199.58786231384147, 6736864.71240943018347 ], [ 557199.58786231384147, 6736860.384963778778911 ], [ 557196.259057966060936, 6736855.058876821771264 ], [ 557192.930253618280403, 6736854.39311595261097 ], [ 557186.938405792345293, 6736854.060235518030822 ], [ 557171.958786227623932, 6736854.39311595261097 ], [ 557163.303894923534244, 6736861.383605082519352 ], [ 557155.980525358463638, 6736871.370018125511706 ], [ 557140.335144924116321, 6736884.352355082519352 ], [ 557139.669384054490365, 6736896.00317030120641 ] ] ] ] } },
{ "type": "Feature", "properties": { "id": 27 }, "geometry": { "type": "MultiPolygon", "coordinates": [ [ [ [ 556062.634737345390022, 6737784.793931137770414 ], [ 556049.652400389313698, 6737795.113224615342915 ], [ 556041.996150389430113, 6737804.100996354594827 ], [ 556039.000226476462558, 6737809.094202876091003 ], [ 556027.682291694218293, 6737814.753170267678797 ], [ 556023.021965607418679, 6737820.412137658335268 ], [ 556014.699954738025554, 6737822.742300702258945 ], [ 556002.38337865145877, 6737827.735507223755121 ], [ 555993.395606912556104, 6737828.068387658335268 ], [ 555980.746150391176343, 6737831.064311571419239 ], [ 555977.41734604339581, 6737831.064311571419239 ], [ 555964.767889522016048, 6737831.064311571419239 ], [ 555953.782835174584761, 6737832.062952875159681 ], [ 555946.792346044327132, 6737841.050724614411592 ], [ 555942.132019957411103, 6737851.370018092915416 ], [ 555937.804574305424467, 6737858.693387657403946 ], [ 555935.141530827269889, 6737866.682518091984093 ], [ 555935.141530827269889, 6737870.344202874228358 ], [ 555939.801856914069504, 6737876.668931134976447 ], [ 555941.79913952271454, 6737876.336050700396299 ], [ 555952.784193870262243, 6737875.337409395724535 ], [ 555959.441802565706894, 6737871.67572461348027 ], [ 555968.096693869796582, 6737868.346920265816152 ], [ 555974.421422130428255, 6737865.350996352732182 ], [ 555980.080389521666802, 6737867.681159396655858 ], [ 555987.736639521433972, 6737876.336050700396299 ], [ 556006.045063433935866, 6737878.999094178900123 ], [ 556012.369791694683954, 6737879.33197461348027 ], [ 556019.693161259638146, 6737873.673007221892476 ], [ 556023.021965607418679, 6737871.67572461348027 ], [ 556034.007019954966381, 6737871.009963744319975 ], [ 556046.989356911042705, 6737867.681159396655858 ], [ 556055.644248215132393, 6737863.020833309739828 ], [ 556066.629302562680095, 6737853.034420266747475 ], [ 556074.285552562447265, 6737843.713768092915416 ], [ 556079.278759084059857, 6737842.049365919083357 ], [ 556085.936367779504508, 6737836.72327896207571 ], [ 556091.262454735930078, 6737829.732789832167327 ], [ 556090.263813431607559, 6737821.74365939758718 ], [ 556088.266530822962523, 6737812.755887658335268 ], [ 556084.604846040485427, 6737801.437952876091003 ], [ 556078.945878649363294, 6737794.114583311602473 ], [ 556068.293704736512154, 6737788.788496355526149 ], [ 556062.634737345390022, 6737784.793931137770414 ] ] ] ] } },
{ "type": "Feature", "properties": { "id": 29 }, "geometry": { "type": "MultiPolygon", "coordinates": [ [ [ [ 556002.716259085922502, 6738476.519474596716464 ], [ 555998.055932999122888, 6738481.179800683632493 ], [ 555992.064085173187777, 6738479.848278944380581 ], [ 555985.406476477626711, 6738487.171648509800434 ], [ 555982.077672129962593, 6738497.158061552792788 ], [ 555971.425498217227869, 6738499.821105031296611 ], [ 555966.765172130428255, 6738501.152626770548522 ], [ 555952.118433000403456, 6738506.478713726624846 ], [ 555940.800498218042776, 6738507.144474595785141 ], [ 555938.137454739888199, 6738511.80480068270117 ], [ 555941.466259087552316, 6738528.448822421953082 ], [ 555946.126585174468346, 6738531.111865899525583 ], [ 555977.417346043162979, 6738531.111865899525583 ], [ 555988.735280825407244, 6738525.120018073357642 ], [ 555999.387454738141969, 6738515.799365900456905 ], [ 556006.710824303212576, 6738509.14175720512867 ], [ 556015.365715607302263, 6738497.823822421953082 ], [ 556022.689085172256455, 6738492.497735465876758 ], [ 556011.37115039001219, 6738486.505887639708817 ], [ 556002.716259085922502, 6738476.519474596716464 ] ] ] ] } },
{ "type": "Feature", "properties": { "id": 30 }, "geometry": { "type": "MultiPolygon", "coordinates": [ [ [ [ 556095.257019952987321, 6738528.892663 ], [ 556106.79687502514571, 6738526.67346010170877 ], [ 556112.566802561166696, 6738523.566576044075191 ], [ 556117.449048937880434, 6738520.459691986441612 ], [ 556128.545063430326991, 6738519.572010827250779 ], [ 556134.75883154605981, 6738513.802083291113377 ], [ 556135.202672125771642, 6738504.925271697342396 ], [ 556135.202672125771642, 6738503.593749958090484 ], [ 556136.97803444461897, 6738502.262228218838573 ], [ 556143.191802560351789, 6738490.722373146563768 ], [ 556146.298686618218198, 6738482.289402131922543 ], [ 556153.400135893374681, 6738472.524909378960729 ], [ 556154.731657632510178, 6738470.305706480517983 ], [ 556156.063179371529259, 6738466.754981842823327 ], [ 556159.170063429512084, 6738462.316576045937836 ], [ 556165.383831545244902, 6738456.102807929739356 ], [ 556172.041440240689553, 6738451.22056155372411 ], [ 556183.13745473313611, 6738451.22056155372411 ], [ 556184.912817051983438, 6738452.108242712914944 ], [ 556197.784193863160908, 6738443.231431119143963 ], [ 556194.233469225582667, 6738435.242300684563816 ], [ 556185.356657631578855, 6738428.140851409174502 ], [ 556173.816802559536882, 6738430.803894887678325 ], [ 556168.490715603111312, 6738436.573822423815727 ], [ 556153.843976473086514, 6738451.664402132853866 ], [ 556151.180932994931936, 6738454.771286191418767 ], [ 556140.08491850248538, 6738460.541213727556169 ], [ 556128.545063430326991, 6738467.198822422884405 ], [ 556121.443614155170508, 6738472.081068798899651 ], [ 556113.45448372059036, 6738489.390851407311857 ], [ 556106.79687502514571, 6738496.936141262762249 ], [ 556102.358469228143804, 6738497.823822421953082 ], [ 556097.476222851430066, 6738501.818387638777494 ], [ 556094.369338793563657, 6738504.925271697342396 ], [ 556092.150135895120911, 6738505.812952856533229 ], [ 556087.711730098119006, 6738509.807518073357642 ], [ 556086.380208358983509, 6738515.577445609495044 ], [ 556086.380208358983509, 6738516.021286189556122 ], [ 556095.257019952987321, 6738528.892663 ] ] ] ] } },
{ "type": "Feature", "properties": { "id": 31 }, "geometry": { "type": "MultiPolygon", "coordinates": [ [ [ [ 555651.416440255357884, 6738534.218749958090484 ], [ 555660.293251849361695, 6738569.72599633410573 ], [ 555659.405570689938031, 6738573.276720971800387 ], [ 555667.394701124518178, 6738591.918025319464505 ], [ 555667.394701124518178, 6738600.794836913235486 ], [ 555664.731657646363601, 6738607.008605028502643 ], [ 555664.731657646363601, 6738608.783967347815633 ], [ 555658.517889530514367, 6738617.660778941586614 ], [ 555658.517889530514367, 6738620.323822420090437 ], [ 555659.405570689938031, 6738630.088315173052251 ], [ 555660.293251849361695, 6738650.504981839098036 ], [ 555672.720788080827333, 6738643.403532563708723 ], [ 555678.934556196676567, 6738631.863677492365241 ], [ 555686.03600547183305, 6738618.548460100777447 ], [ 555684.260643152985722, 6738608.783967347815633 ], [ 555682.485280834254809, 6738590.142663 ], [ 555677.159193877829239, 6738570.613677493296564 ], [ 555673.608469240250997, 6738552.860054305754602 ], [ 555670.057744602672756, 6738534.218749958090484 ], [ 555660.293251849361695, 6738513.802083292044699 ], [ 555644.314990980201401, 6738511.139039814472198 ], [ 555651.416440255357884, 6738534.218749958090484 ] ] ] ] } },
{ "type": "Feature", "properties": { "id": 32 }, "geometry": { "type": "MultiPolygon", "coordinates": [ [ [ [ 557660.238903967430815, 6737984.744112293235958 ], [ 557671.778759039589204, 6737971.428894902579486 ], [ 557670.003396720858291, 6737969.653532584197819 ], [ 557667.340353242587298, 6737968.765851424075663 ], [ 557661.126585126854479, 6737966.102807946503162 ], [ 557655.800498170545325, 6737963.439764467999339 ], [ 557645.148324257694185, 6737959.889039830304682 ], [ 557635.383831504383124, 6737957.225996351800859 ], [ 557614.079483678913675, 6737956.338315192610025 ], [ 557603.427309766178951, 6737963.439764467999339 ], [ 557600.764266287907958, 6737968.765851424075663 ], [ 557594.550498172175139, 6737973.204257220961154 ], [ 557596.325860491022468, 6737977.642663018777966 ], [ 557608.753396722488105, 6737984.744112293235958 ], [ 557625.619338751072064, 6737988.294836930930614 ], [ 557646.923686576541513, 6737988.294836930930614 ], [ 557660.238903967430815, 6737984.744112293235958 ] ] ] ] } },
{ "type": "Feature", "properties": { "id": 33 }, "geometry": { "type": "MultiPolygon", "coordinates": [ [ [ [ 557476.710824262467213, 6737952.565670263953507 ], [ 557479.37386774062179, 6737958.335597800090909 ], [ 557485.587635856471024, 6737963.217844177037477 ], [ 557492.689085131627508, 6737966.768568814732134 ], [ 557509.776947450009175, 6737970.319293452426791 ], [ 557515.546874986030161, 6737971.65081519074738 ], [ 557524.423686580033973, 6737971.65081519074738 ], [ 557526.864809768274426, 6737966.768568814732134 ], [ 557533.522418463835493, 6737964.993206495419145 ], [ 557538.182744550635107, 6737964.549365916289389 ], [ 557542.843070637434721, 6737961.664402147755027 ], [ 557547.947237303946167, 6737960.776720988564193 ], [ 557551.719882231438532, 6737954.119112293235958 ], [ 557547.059556144522503, 6737952.565670263953507 ], [ 557541.733469188213348, 6737948.349184757098556 ], [ 557539.070425710058771, 6737945.908061568625271 ], [ 557535.963541652075946, 6737945.242300699464977 ], [ 557532.634737304411829, 6737944.798460119403899 ], [ 557526.199048898764886, 6737940.138134032487869 ], [ 557521.316802522051148, 6737941.69157606177032 ], [ 557517.322237304761074, 6737944.57653982937336 ], [ 557514.437273536808789, 6737946.573822437785566 ], [ 557507.113903971738182, 6737945.020380409434438 ], [ 557504.894701073295437, 6737945.020380409434438 ], [ 557502.453577884938568, 6737945.908061568625271 ], [ 557495.130208319984376, 6737949.458786206319928 ], [ 557488.250679334625602, 6737950.568387655541301 ], [ 557482.258831508690491, 6737949.680706496350467 ], [ 557482.036911218892783, 6737949.458786206319928 ], [ 557476.710824262467213, 6737952.565670263953507 ] ] ] ] } },
{ "type": "Feature", "properties": { "id": 34 }, "geometry": { "type": "MultiPolygon", "coordinates": [ [ [ [ 557324.029664846369997, 6737899.970561567693949 ], [ 557327.136548904236406, 6737908.403532582335174 ], [ 557339.120244556106627, 6737911.954257220029831 ], [ 557347.553215570398606, 6737915.948822436854243 ], [ 557357.761548903421499, 6737929.707880407571793 ], [ 557359.093070642556995, 6737931.927083306014538 ], [ 557362.199954700423405, 6737941.247735479846597 ], [ 557373.295969192869961, 6737944.798460117541254 ], [ 557385.279664844623767, 6737938.140851422213018 ], [ 557397.263360496493988, 6737938.140851422213018 ], [ 557404.808650351362303, 6737938.140851422213018 ], [ 557405.696331510785967, 6737938.140851422213018 ], [ 557416.792346003232524, 6737944.354619537480175 ], [ 557429.219882234814577, 6737950.124547073617578 ], [ 557438.984374988125637, 6737955.450634030625224 ], [ 557445.641983683570288, 6737955.89447460975498 ], [ 557453.187273538438603, 6737953.675271711312234 ], [ 557454.074954697862267, 6737950.124547073617578 ], [ 557453.631114118150435, 6737941.247735479846597 ], [ 557450.080389480572194, 6737936.365489102900028 ], [ 557439.428215567837469, 6737929.707880407571793 ], [ 557431.882925712969154, 6737928.376358668319881 ], [ 557428.332201075390913, 6737927.932518089190125 ], [ 557424.781476437812671, 6737928.376358668319881 ], [ 557415.016983684385195, 6737930.595561566762626 ], [ 557403.920969191938639, 6737922.162590553052723 ], [ 557401.701766293495893, 6737919.4995470745489 ], [ 557389.27423006191384, 6737914.617300697602332 ], [ 557382.61662136646919, 6737910.178894900716841 ], [ 557376.402853250736371, 6737904.408967364579439 ], [ 557362.643795280135237, 6737899.526720988564193 ], [ 557343.558650353108533, 6737899.082880408503115 ], [ 557325.361186585505493, 6737899.970561567693949 ], [ 557324.029664846369997, 6737899.970561567693949 ] ] ] ] } },
{ "type": "Feature", "properties": { "id": 35 }, "geometry": { "type": "MultiPolygon", "coordinates": [ [ [ [ 558821.547780747059733, 6734175.70425732806325 ], [ 558853.060461905435659, 6734181.474184864200652 ], [ 558853.948143064859323, 6734180.14266312494874 ], [ 558850.841259006992914, 6734177.479619646444917 ], [ 558852.17278074612841, 6734171.265851531177759 ], [ 558852.616621325723827, 6734166.827445734292269 ], [ 558853.060461905435659, 6734156.175271821208298 ], [ 558857.942708282149397, 6734145.079257328994572 ], [ 558864.600316977594048, 6734139.30932979285717 ], [ 558865.487998137017712, 6734116.67346022836864 ], [ 558865.04415755730588, 6734089.155344286933541 ], [ 558859.274230021284893, 6734074.952445736154914 ], [ 558856.611186543013901, 6734063.856431243941188 ], [ 558865.04415755730588, 6734061.193387765437365 ], [ 558875.252490890328772, 6734024.35461965110153 ], [ 558878.359374948195182, 6734001.274909506551921 ], [ 558873.033287991886027, 6733978.639039942063391 ], [ 558866.375679296441376, 6733977.751358782872558 ], [ 558862.824954658863135, 6733977.751358782872558 ], [ 558855.723505383706652, 6733991.954257332719862 ], [ 558846.402853210107423, 6734002.606431245803833 ], [ 558840.189085094374605, 6734025.686141390353441 ], [ 558826.873867703368887, 6734070.070199360139668 ], [ 558829.536911181523465, 6734102.026721098460257 ], [ 558827.761548862792552, 6734144.635416749864817 ], [ 558821.547780747059733, 6734175.70425732806325 ] ] ] ] } },
{ "type": "Feature", "properties": { "id": 36 }, "geometry": { "type": "MultiPolygon", "coordinates": [ [ [ [ 558902.770606831763871, 6734195.677083413116634 ], [ 558912.978940164903179, 6734188.353713846765459 ], [ 558912.978940164903179, 6734173.263134136795998 ], [ 558918.305027121328749, 6734165.27400370221585 ], [ 558932.507925671641715, 6734157.284873267635703 ], [ 558937.83401262795087, 6734153.734148629941046 ], [ 558934.283287990372628, 6734134.205163123086095 ], [ 558949.373867700109258, 6734114.676177616231143 ], [ 558962.689085091114976, 6734029.014945735223591 ], [ 558970.234374945983291, 6734013.480525446124375 ], [ 558977.779664800851606, 6734010.373641387559474 ], [ 558985.324954655719921, 6733999.721467475406826 ], [ 558989.763360452605411, 6733989.069293562322855 ], [ 558990.207201032317244, 6733978.860960229299963 ], [ 558990.207201032317244, 6733967.764945737086236 ], [ 558997.308650307473727, 6733960.663496461696923 ], [ 559003.522418423322961, 6733958.444293563254178 ], [ 559028.377490886370651, 6733896.750452985055745 ], [ 559021.719882190926, 6733892.755887768231332 ], [ 559013.730751756345853, 6733898.081974724307656 ], [ 559007.960824220208451, 6733922.049366028048098 ], [ 558993.75792566977907, 6733935.808423998765647 ], [ 558988.875679293065332, 6733946.01675733178854 ], [ 558975.560461902059615, 6733973.091032694093883 ], [ 558974.672780742752366, 6733974.422554433345795 ], [ 558970.23437494575046, 6733983.743206607177854 ], [ 558964.020606830017641, 6733993.507699360139668 ], [ 558955.587635815725662, 6733992.620018200948834 ], [ 558956.919157554744743, 6733984.630887766368687 ], [ 558962.245244511170313, 6733970.871829795651138 ], [ 558965.795969148748554, 6733964.658061679452658 ], [ 558964.020606830017641, 6733959.331974723376334 ], [ 558956.697237264947034, 6733956.447010953910649 ], [ 558954.256114076590165, 6733957.77853269316256 ], [ 558955.14379523601383, 6733963.326539939269423 ], [ 558952.480751757859252, 6733971.315670373849571 ], [ 558947.598505381145515, 6733983.743206605315208 ], [ 558942.716259004664607, 6733990.17889501247555 ], [ 558937.390172048239037, 6733992.398097910918295 ], [ 558934.72712857008446, 6733994.173460229299963 ], [ 558932.064085091813467, 6734003.937952983193099 ], [ 558930.732563352794386, 6734015.477808055467904 ], [ 558929.40104161365889, 6734025.242300808429718 ], [ 558928.957201033947058, 6734041.220561677590013 ], [ 558929.844882193370722, 6734057.198822546750307 ], [ 558922.743432918214239, 6734067.850996459834278 ], [ 558917.417345961788669, 6734081.166213850490749 ], [ 558908.540534367901273, 6734086.492300806567073 ], [ 558900.995244513032958, 6734110.015851531177759 ], [ 558896.556838716031052, 6734121.555706603452563 ], [ 558891.230751759605482, 6734136.646286313422024 ], [ 558883.241621325025335, 6734149.073822544887662 ], [ 558873.920969151426107, 6734157.506793558597565 ], [ 558872.58944741229061, 6734169.934329790994525 ], [ 558876.140172049868852, 6734177.035779065452516 ], [ 558880.134737267158926, 6734185.024909500032663 ], [ 558894.781476397183724, 6734189.019474717788398 ], [ 558902.770606831763871, 6734195.677083413116634 ] ] ] ] } },
{ "type": "Feature", "properties": { "id": 37 }, "geometry": { "type": "MultiPolygon", "coordinates": [ [ [ [ 557015.116621376830153, 6737216.234148546122015 ], [ 556992.92459239193704, 6737214.014945648610592 ], [ 556989.81770833407063, 6737215.790307966992259 ], [ 556976.502490943181328, 6737220.672554343938828 ], [ 556972.507925725891255, 6737225.998641300015152 ], [ 556963.187273552175611, 6737235.763134053908288 ], [ 556955.641983697307296, 6737244.196105067618191 ], [ 556950.315896740998141, 6737254.404438400641084 ], [ 556948.984375001862645, 6737272.601902168244123 ], [ 556953.422780798864551, 6737286.360960138961673 ], [ 556952.535099639440887, 6737306.333786225877702 ], [ 556948.984375001862645, 6737322.755887674167752 ], [ 556941.43908514699433, 6737322.312047095037997 ], [ 556940.107563407975249, 6737333.408061587251723 ], [ 556931.230751813971438, 6737339.62182970251888 ], [ 556929.455389495124109, 6737347.167119557969272 ], [ 556924.573143118526787, 6737354.268568832427263 ], [ 556922.353940219967626, 6737364.476902165450156 ], [ 556916.140172104234807, 6737371.134510861709714 ], [ 556913.920969205792062, 6737374.685235498473048 ], [ 556913.47712862608023, 6737384.893568832427263 ], [ 556913.033288046368398, 6737387.556612309999764 ], [ 556916.584012683946639, 6737391.995018106885254 ], [ 556927.680027176393196, 6737394.658061585389078 ], [ 556933.449954712414183, 6737395.989583324640989 ], [ 556941.882925726706162, 6737388.444293469190598 ], [ 556951.647418480017222, 6737384.893568832427263 ], [ 556954.310461958288215, 6737375.129076078534126 ], [ 556962.299592392751947, 6737368.915307962335646 ], [ 556980.497056160354987, 6737364.920742745511234 ], [ 556978.721693841624074, 6737359.150815209373832 ], [ 556972.064085146179423, 6737331.188858687877655 ], [ 556966.737998189753853, 6737305.446105065755546 ], [ 556960.968070653732866, 6737287.248641298152506 ], [ 556981.384737319778651, 6737249.522192023694515 ], [ 556987.59850543551147, 6737245.971467385999858 ], [ 557006.239809782826342, 6737244.639945646747947 ], [ 557016.891983695561066, 6737234.431612313725054 ], [ 557015.116621376830153, 6737216.234148546122015 ] ] ] ] } },
{ "type": "Feature", "properties": { "id": 38 }, "geometry": { "type": "MultiPolygon", "coordinates": [ [ [ [ 557353.3231431072345, 6737352.049365935847163 ], [ 557357.539628614322282, 6737344.060235504060984 ], [ 557356.208106875186786, 6737348.498641300946474 ], [ 557353.545063397032209, 6737357.819293474778533 ], [ 557349.550498179742135, 6737367.139945648610592 ], [ 557345.555932962452061, 6737368.915307966992259 ], [ 557338.454483687295578, 6737375.572916662320495 ], [ 557329.577672093291767, 6737377.348278981633484 ], [ 557318.48165760084521, 6737378.235960140824318 ], [ 557308.273324267822318, 6737378.235960140824318 ], [ 557306.497961949091405, 6737381.786684778518975 ], [ 557298.95267209422309, 6737397.321105067618191 ], [ 557292.295063398662023, 6737395.98958332836628 ], [ 557291.407382239354774, 6737393.770380429923534 ], [ 557290.963541659642942, 6737393.770380429923534 ], [ 557290.51970107993111, 6737393.326539850793779 ], [ 557286.525135862641037, 6737389.775815213099122 ], [ 557282.974411225062795, 6737389.331974633038044 ], [ 557277.204483689041808, 6737397.764945647679269 ], [ 557270.546874993480742, 6737397.764945647679269 ], [ 557259.450860501034185, 6737406.197916661389172 ], [ 557258.563179341726936, 6737411.080163038335741 ], [ 557246.579483689856716, 6737414.187047095969319 ], [ 557234.595788037986495, 6737425.283061589114368 ], [ 557252.793251805589534, 6737428.389945646747947 ], [ 557245.91372282046359, 6737443.924365936778486 ], [ 557244.804121371242218, 6737444.59012680593878 ], [ 557241.253396733663976, 6737448.362771733663976 ], [ 557237.258831516373903, 6737454.576539848931134 ], [ 557239.034193835221231, 6737461.234148545190692 ], [ 557244.360280791530386, 6737463.897192022763193 ], [ 557245.24796195095405, 6737463.675271732732654 ], [ 557256.565896733198315, 6737454.798460138961673 ], [ 557261.670063399826176, 6737448.140851443633437 ], [ 557265.220788037404418, 6737443.258605066686869 ], [ 557271.212635863106698, 6737442.370923904702067 ], [ 557279.645606877398677, 6737437.488677527755499 ], [ 557286.525135862641037, 6737431.052989122457802 ], [ 557292.738903978373855, 6737429.94338767323643 ], [ 557294.958106876933016, 6737429.277626803144813 ], [ 557306.054121369379573, 6737426.836503614671528 ], [ 557308.273324267822318, 6737422.620018107816577 ], [ 557313.599411224247888, 6737418.181612310931087 ], [ 557322.254302528337575, 6737416.406249992549419 ], [ 557323.363903977558948, 6737410.414402166381478 ], [ 557333.128396730986424, 6737408.860960137099028 ], [ 557337.788722817786038, 6737407.08559781871736 ], [ 557346.443614121875726, 6737401.315670282579958 ], [ 557350.216259049251676, 6737397.321105064824224 ], [ 557354.210824266541749, 6737394.436141297221184 ], [ 557356.43002716510091, 6737393.992300717160106 ], [ 557363.309556150343269, 6737391.107336949557066 ], [ 557365.084918469190598, 6737386.225090572610497 ], [ 557363.531476440257393, 6737381.120923906564713 ], [ 557363.087635860545561, 6737375.129076080396771 ], [ 557365.306838758988306, 6737369.802989124320447 ], [ 557366.416440208209679, 6737363.811141298152506 ], [ 557365.52875904890243, 6737358.041213762015104 ], [ 557361.756114121410064, 6737354.046648544259369 ], [ 557357.983469194034114, 6737350.939764486625791 ], [ 557353.3231431072345, 6737352.049365935847163 ] ] ] ] } },
{ "type": "Feature", "properties": { "id": 39 }, "geometry": { "type": "MultiPolygon", "coordinates": [ [ [ [ 555992.286005464149639, 6737674.721467380411923 ], [ 555984.296875029569492, 6737643.652626801282167 ], [ 555972.757019957527518, 6737633.000452888198197 ], [ 555958.997961986809969, 6737644.540307960473001 ], [ 555949.233469233498909, 6737653.417119554243982 ], [ 555933.255208364338614, 6737667.176177524961531 ], [ 555921.715353292180225, 6737680.047554336488247 ], [ 555902.630208365269937, 6737701.795742741785944 ], [ 555885.764266336685978, 6737719.549365929327905 ], [ 555884.432744597666897, 6737727.538496363908052 ], [ 555891.090353293111548, 6737735.083786219358444 ], [ 555901.29868662613444, 6737724.431612306274474 ], [ 555921.715353292180225, 6737703.571105060167611 ], [ 555931.479846045607701, 6737700.464221002534032 ], [ 555955.003396769519895, 6737699.576539843343198 ], [ 555983.409193870262243, 6737689.368206510320306 ], [ 555997.168251840863377, 6737676.940670278854668 ], [ 555992.286005464149639, 6737674.721467380411923 ] ] ] ] } },
{ "type": "Feature", "properties": { "id": 40 }, "geometry": { "type": "MultiPolygon", "coordinates": [ [ [ [ 555934.58673010347411, 6737502.955163039267063 ], [ 555937.693614161224104, 6737515.382699270732701 ], [ 555945.23890401609242, 6737519.377264487557113 ], [ 555952.784193870960735, 6737516.270380429923534 ], [ 555958.110280827269889, 6737510.056612313725054 ], [ 555958.554121406981722, 6737507.837409415282309 ], [ 555966.987092421273701, 6737497.185235503129661 ], [ 555980.746150391874835, 6737487.864583329297602 ], [ 555985.628396768588573, 6737479.431612314656377 ], [ 556003.825860536191612, 6737472.774003619328141 ], [ 556010.927309811348096, 6737471.44248188007623 ], [ 556017.141077927080914, 6737470.110960140824318 ], [ 556025.574048941372894, 6737466.116394923999906 ], [ 556026.461730100796558, 6737458.127264489419758 ], [ 556028.237092419527471, 6737448.806612315587699 ], [ 556038.001585172954947, 6737447.918931156396866 ], [ 556049.097599665401503, 6737444.368206518702209 ], [ 556066.407382273580879, 6737440.817481881007552 ], [ 556073.952672128449194, 6737438.598278982564807 ], [ 556089.043251838185824, 6737439.929800721816719 ], [ 556102.358469229075126, 6737436.82291666418314 ], [ 556102.802309808786958, 6737429.721467388793826 ], [ 556082.82948372233659, 6737426.614583331160247 ], [ 556062.856657636002637, 6737427.502264490351081 ], [ 556046.878396766842343, 6737428.389945649541914 ], [ 556034.450860535493121, 6737426.61458333209157 ], [ 556024.242527202470228, 6737427.058423911221325 ], [ 556014.03419386933092, 6737435.491394925862551 ], [ 556006.932744594174437, 6737434.603713766671717 ], [ 555993.173686623573303, 6737448.362771736457944 ], [ 555982.965353290550411, 6737457.683423910290003 ], [ 555972.313179377815686, 6737467.004076084122062 ], [ 555965.211730102659203, 6737482.094655794091523 ], [ 555958.997961986809969, 6737488.30842390935868 ], [ 555945.682744595920667, 6737496.741394923999906 ], [ 555934.58673010347411, 6737502.955163039267063 ] ] ] ] } },
{ "type": "Feature", "properties": { "id": 41 }, "geometry": { "type": "MultiPolygon", "coordinates": [ [ [ [ 556117.449048939393833, 6737811.868206512182951 ], [ 556132.095788069418631, 6737798.996829701587558 ], [ 556142.304121402441524, 6737797.665307962335646 ], [ 556152.956295315176249, 6737802.547554338350892 ], [ 556156.950860532466322, 6737800.772192019969225 ], [ 556167.603034445201047, 6737789.676177527755499 ], [ 556177.367527198628522, 6737788.344655788503587 ], [ 556190.682744589517824, 6737787.900815208442509 ], [ 556197.340353284962475, 6737787.013134049251676 ], [ 556215.093976472853683, 6737799.884510860778391 ], [ 556227.965353284147568, 6737795.446105063892901 ], [ 556219.088541690143757, 6737783.018568832427263 ], [ 556209.324048936832696, 6737776.804800716228783 ], [ 556204.88564313983079, 6737768.371829701587558 ], [ 556215.537817052565515, 6737763.045742745511234 ], [ 556225.302309805992991, 6737763.489583325572312 ], [ 556243.499773573712446, 6737752.393568831495941 ], [ 556259.478034442756325, 6737749.286684773862362 ], [ 556277.675498210359365, 6737736.859148542396724 ], [ 556291.878396760788746, 6737727.538496368564665 ], [ 556308.74433878925629, 6737722.656249991618097 ], [ 556327.385643136571161, 6737718.661684774793684 ], [ 556357.12296197633259, 6737705.346467384137213 ], [ 556358.010643135756254, 6737699.576539847999811 ], [ 556357.566802556044422, 6737692.475090572610497 ], [ 556342.476222846307792, 6737690.699728253297508 ], [ 556321.615715600433759, 6737694.694293471053243 ], [ 556319.840353281702846, 6737684.929800717160106 ], [ 556327.829483716282994, 6737679.159873181954026 ], [ 556335.374773571151309, 6737677.828351442702115 ], [ 556349.577672121464275, 6737671.614583326503634 ], [ 556348.246150382328779, 6737666.28849637042731 ], [ 556342.03238226659596, 6737663.181612312793732 ], [ 556333.155570672592148, 6737664.513134051114321 ], [ 556318.064990962855518, 6737676.940670282579958 ], [ 556304.749773571966216, 6737687.592844195663929 ], [ 556298.092164876521565, 6737692.475090572610497 ], [ 556282.557744587073103, 6737699.576539847999811 ], [ 556270.574048935202882, 6737707.12182970251888 ], [ 556260.365715602179989, 6737716.886322455480695 ], [ 556203.110280821216293, 6737743.072916657663882 ], [ 556184.468976473901421, 6737748.842844193801284 ], [ 556182.693614155054092, 6737761.270380425266922 ], [ 556169.822237343876623, 6737766.596467382274568 ], [ 556150.293251837138087, 6737771.922554338350892 ], [ 556140.528759083827026, 6737775.473278976045549 ], [ 556128.545063431956805, 6737780.355525352992117 ], [ 556107.240715606487356, 6737783.462409410625696 ], [ 556100.139266331330873, 6737788.78849636670202 ], [ 556092.593976476462558, 6737791.007699265144765 ], [ 556096.588541693752632, 6737796.777626801282167 ], [ 556100.58310691092629, 6737801.659873178228736 ], [ 556117.449048939393833, 6737811.868206512182951 ] ] ] ] } },
{ "type": "Feature", "properties": { "id": 42 }, "geometry": { "type": "MultiPolygon", "coordinates": [ [ [ [ 555964.767889523296617, 6738172.710597806610167 ], [ 555965.211730103008449, 6738159.839220995083451 ], [ 555964.3240489437012, 6738154.069293459877372 ], [ 555963.880208363989368, 6738147.855525343678892 ], [ 555962.992527204565704, 6738146.52400360442698 ], [ 555962.548686624853872, 6738146.080163025297225 ], [ 555956.778759088832885, 6738142.529438387602568 ], [ 555951.452672132407315, 6738134.54030795302242 ], [ 555954.115715610561892, 6738126.995018097572029 ], [ 555953.67187503085006, 6738125.219655779190361 ], [ 555949.677309813676402, 6738116.786684764549136 ], [ 555944.795063436962664, 6738115.455163025297225 ], [ 555941.688179379096255, 6738115.455163025297225 ], [ 555937.693614161806181, 6738114.567481866106391 ], [ 555925.70991850993596, 6738114.123641286976635 ], [ 555921.271512712934054, 6738114.123641286976635 ], [ 555914.613904017489403, 6738111.90443838853389 ], [ 555903.074048945331015, 6738107.466032590717077 ], [ 555895.5287590904627, 6738103.027626793831587 ], [ 555892.865715612308122, 6738100.808423895388842 ], [ 555887.983469235594384, 6738099.476902157068253 ], [ 555876.443614163435996, 6738098.145380417816341 ], [ 555864.903759091394022, 6738098.589220996946096 ], [ 555859.13383155525662, 6738096.370018098503351 ], [ 555851.588541700388305, 6738094.150815200060606 ], [ 555844.04325184551999, 6738092.375452881678939 ], [ 555836.054121410939842, 6738095.03849635925144 ], [ 555833.391077932785265, 6738104.359148533083498 ], [ 555833.834918512497097, 6738115.455163025297225 ], [ 555833.834918512497097, 6738126.107336938381195 ], [ 555833.391077932785265, 6738134.096467372961342 ], [ 555831.17187503434252, 6738143.860960126854479 ], [ 555827.621150396764278, 6738145.192481865175068 ], [ 555821.407382280915044, 6738150.074728242121637 ], [ 555820.519701121607795, 6738155.844655778259039 ], [ 555823.626585179474205, 6738160.726902155205607 ], [ 555838.717164889210835, 6738170.491394908167422 ], [ 555845.374773584655486, 6738174.042119545862079 ], [ 555851.144701120676473, 6738177.149003603495657 ], [ 555872.449048946262337, 6738177.592844183556736 ], [ 555886.208106916863471, 6738178.036684762686491 ], [ 555903.961730104754679, 6738183.362771719694138 ], [ 555923.490715611493215, 6738189.576539834961295 ], [ 555930.592164886649698, 6738186.913496357388794 ], [ 555953.228034451254643, 6738177.149003603495657 ], [ 555964.767889523296617, 6738172.710597806610167 ] ] ] ] } },
{ "type": "Feature", "properties": { "id": 43 }, "geometry": { "type": "MultiPolygon", "coordinates": [ [ [ [ 555980.746150392573327, 6738233.072916645556688 ], [ 555978.526947494130582, 6738219.757699254900217 ], [ 555976.751585175283253, 6738216.20697461720556 ], [ 555979.414628653437831, 6738210.437047081068158 ], [ 555980.302309812861495, 6738208.217844182625413 ], [ 555983.853034450439736, 6738202.891757226549089 ], [ 555982.077672131708823, 6738197.565670270472765 ], [ 555978.526947494130582, 6738195.34646737203002 ], [ 555975.863904015859589, 6738192.683423893526196 ], [ 555973.200860537705012, 6738190.464220995083451 ], [ 555961.661005465546623, 6738192.683423893526196 ], [ 555954.55955619039014, 6738194.902626791968942 ], [ 555949.677309813676402, 6738199.78487316891551 ], [ 555944.795063437079079, 6738194.902626791968942 ], [ 555926.59759966947604, 6738195.34646737203002 ], [ 555923.49071561160963, 6738193.127264473587275 ], [ 555908.400135901873, 6738201.560235487297177 ], [ 555900.411005467292853, 6738208.661684762686491 ], [ 555897.304121409426443, 6738217.094655776396394 ], [ 555890.646512713865377, 6738221.089220994152129 ], [ 555885.320425757556222, 6738222.864583312533796 ], [ 555881.325860540266149, 6738230.409873167984188 ], [ 555879.994338801130652, 6738235.735960124060512 ], [ 555879.106657641823404, 6738237.067481863312423 ], [ 555889.314990974846296, 6738240.61820650100708 ], [ 555899.523324307869188, 6738240.174365920946002 ], [ 555908.843976481468417, 6738233.960597805678844 ], [ 555913.282382278470322, 6738232.185235486365855 ], [ 555923.046875031897798, 6738231.297554327175021 ], [ 555939.912817060365342, 6738232.629076066426933 ], [ 555957.666440248256549, 6738235.292119543999434 ], [ 555968.318614160991274, 6738235.292119543999434 ], [ 555980.746150392573327, 6738233.072916645556688 ] ] ] ] } },
{ "type": "Feature", "properties": { "id": 44 }, "geometry": { "type": "MultiPolygon", "coordinates": [ [ [ [ 555995.170969233033247, 6738363.56204707827419 ], [ 555995.170969233033247, 6738316.514945630915463 ], [ 555994.283288073609583, 6738308.969655775465071 ], [ 555991.620244595455006, 6738302.312047080136836 ], [ 555989.401041696895845, 6738294.322916645556688 ], [ 555988.069519957876764, 6738289.884510848671198 ], [ 555982.743433001451194, 6738283.226902153342962 ], [ 555978.748867784161121, 6738273.462409400381148 ], [ 555980.524230103008449, 6738266.80480070412159 ], [ 555984.518795320298523, 6738254.377264472655952 ], [ 555979.192708363872953, 6738251.270380415022373 ], [ 555974.754302566871047, 6738245.500452878884971 ], [ 555969.872056190273724, 6738239.730525342747569 ], [ 555964.102128654136322, 6738237.955163024365902 ], [ 555960.107563436846249, 6738237.067481865175068 ], [ 555955.669157639844343, 6738242.83740940131247 ], [ 555953.449954741401598, 6738245.500452878884971 ], [ 555949.899230103823356, 6738250.38269925583154 ], [ 555941.910099669243209, 6738250.38269925583154 ], [ 555934.808650394086726, 6738249.938858675770462 ], [ 555924.156476481352001, 6738249.938858675770462 ], [ 555912.172780829481781, 6738250.826539834961295 ], [ 555906.846693873172626, 6738251.270380415022373 ], [ 555909.065896771615371, 6738255.708786211907864 ], [ 555915.27966488734819, 6738263.254076067358255 ], [ 555919.274230104638264, 6738276.569293458014727 ], [ 555912.172780829481781, 6738281.895380414091051 ], [ 555903.295969235594384, 6738288.109148530289531 ], [ 555898.413722858880647, 6738292.103713747113943 ], [ 555900.632925757323392, 6738301.424365920946002 ], [ 555900.18908517761156, 6738304.975090558640659 ], [ 555897.969882279168814, 6738310.745018094778061 ], [ 555897.526041699456982, 6738322.728713746182621 ], [ 555905.959012713748962, 6738318.734148529358208 ], [ 555909.953577931039035, 6738320.953351427800953 ], [ 555919.718070684350096, 6738326.723278963938355 ], [ 555928.594882278353907, 6738328.498641282320023 ], [ 555938.8032156113768, 6738334.712409398518503 ], [ 555950.343070683535188, 6738332.937047079205513 ], [ 555955.669157639844343, 6738325.391757224686444 ], [ 555968.540534451138228, 6738329.386322441510856 ], [ 555972.978940248140134, 6738329.830163021571934 ], [ 555976.973505465430208, 6738336.931612296961248 ], [ 555984.518795320298523, 6738352.022192006930709 ], [ 555986.294157639029436, 6738362.674365919083357 ], [ 555995.170969233033247, 6738363.56204707827419 ] ] ] ] } },
{ "type": "Feature", "properties": { "id": 45 }, "geometry": { "type": "MultiPolygon", "coordinates": [ [ [ [ 555801.212635905249044, 6736400.899003660306334 ], [ 555805.65104170225095, 6736437.293931195512414 ], [ 555815.41553445556201, 6736457.710597861558199 ], [ 555801.212635905249044, 6736494.105525396764278 ], [ 555800.32495474582538, 6736504.757699309848249 ], [ 555805.65104170225095, 6736519.84827901981771 ], [ 555810.089447499252856, 6736534.051177569665015 ], [ 555822.516983730718493, 6736541.152626845054328 ], [ 555834.056838802876882, 6736555.355525395832956 ], [ 555837.607563440455124, 6736572.221467424184084 ], [ 555834.056838802876882, 6736589.975090611726046 ], [ 555827.843070687144063, 6736613.942481915466487 ], [ 555821.629302571411245, 6736628.145380466245115 ], [ 555822.516983730718493, 6736644.123641335405409 ], [ 555827.843070687144063, 6736654.775815247558057 ], [ 555834.944519962300546, 6736668.978713798336685 ], [ 555839.382925759302452, 6736660.989583363756537 ], [ 555848.259737353189848, 6736628.145380466245115 ], [ 555851.81046199076809, 6736606.841032640077174 ], [ 555851.81046199076809, 6736553.580163076519966 ], [ 555842.04596923745703, 6736525.174365975894034 ], [ 555837.607563440455124, 6736507.420742788352072 ], [ 555842.04596923745703, 6736484.341032643802464 ], [ 555845.596693875035271, 6736479.01494568772614 ], [ 555846.484375034458935, 6736456.822916702367365 ], [ 555841.158288078033365, 6736435.518568877130747 ], [ 555839.382925759302452, 6736423.091032645665109 ], [ 555840.270606918726116, 6736408.000452935695648 ], [ 555841.158288078033365, 6736398.235960182733834 ], [ 555852.698143150308169, 6736377.819293516688049 ], [ 555848.259737353306264, 6736341.424365981481969 ], [ 555848.259737353306264, 6736340.536684822291136 ], [ 555831.39379532483872, 6736339.64900366216898 ], [ 555823.404664890258573, 6736342.312047140672803 ], [ 555810.089447499369271, 6736337.873641343787313 ], [ 555798.549592427210882, 6736336.098279025405645 ], [ 555786.122056195628829, 6736336.985960184596479 ], [ 555781.683650398626924, 6736336.985960184596479 ], [ 555777.245244601741433, 6736339.64900366216898 ], [ 555765.705389529583044, 6736352.07653989456594 ], [ 555755.940896776155569, 6736386.69610511045903 ], [ 555729.310461994376965, 6736415.989583370275795 ], [ 555705.343070690636523, 6736439.956974674016237 ], [ 555686.701766343321651, 6736472.80117757152766 ], [ 555676.937273590010591, 6736488.779438440687954 ], [ 555670.723505474161357, 6736502.982336991466582 ], [ 555663.622056199004874, 6736517.185235541313887 ], [ 555661.846693880273961, 6736526.06204713601619 ], [ 555660.959012720850296, 6736538.489583367481828 ], [ 555676.049592430586927, 6736547.366394961252809 ], [ 555674.274230111739598, 6736534.938858729787171 ], [ 555672.498867793008685, 6736527.837409454397857 ], [ 555684.038722865167074, 6736520.735960179008543 ], [ 555683.15104170574341, 6736527.837409454397857 ], [ 555692.91553445905447, 6736537.601902207359672 ], [ 555703.56770837190561, 6736534.051177570596337 ], [ 555723.096693878527731, 6736524.2866848167032 ], [ 555723.984375037951395, 6736524.2866848167032 ], [ 555723.984375037951395, 6736528.725090613588691 ], [ 555721.321331559796818, 6736542.040308005176485 ], [ 555717.770606922218576, 6736543.815670323558152 ], [ 555712.444519965793006, 6736555.355525395832956 ], [ 555727.535099675529636, 6736555.355525395832956 ], [ 555735.524230110109784, 6736534.051177570596337 ], [ 555736.411911269533448, 6736532.275815251283348 ], [ 555745.288722863420844, 6736525.174365975894034 ], [ 555751.502490979270078, 6736513.634510904550552 ], [ 555756.828577935579233, 6736504.757699309848249 ], [ 555756.828577935579233, 6736500.319293512962759 ], [ 555757.716259095002897, 6736494.105525397695601 ], [ 555762.154664892004803, 6736487.004076122306287 ], [ 555768.368433007737622, 6736481.677989166229963 ], [ 555775.469882282894105, 6736479.01494568772614 ], [ 555784.346693876897916, 6736471.913496412336826 ], [ 555787.897418514476158, 6736461.261322500184178 ], [ 555790.560461992630735, 6736448.833786267787218 ], [ 555788.785099673783407, 6736446.170742790214717 ], [ 555766.593070688890293, 6736435.518568877130747 ], [ 555766.593070688890293, 6736435.518568877130747 ], [ 555749.72712866042275, 6736433.74320655874908 ], [ 555749.72712866042275, 6736422.203351486474276 ], [ 555767.480751848313957, 6736416.877264530397952 ], [ 555776.357563442317769, 6736415.989583370275795 ], [ 555783.459012717474252, 6736415.989583370275795 ], [ 555801.212635905249044, 6736400.899003660306334 ] ] ] ] } },
{ "type": "Feature", "properties": { "id": 46 }, "geometry": { "type": "MultiPolygon", "coordinates": [ [ [ [ 556098.58582430309616, 6736862.493206549435854 ], [ 556030.678215609281324, 6736832.755887707695365 ], [ 556000.940896769519895, 6736826.985960171557963 ], [ 555936.140172133687884, 6736805.237771766260266 ], [ 555920.605751844239421, 6736814.11458336096257 ], [ 555904.627490975195542, 6736821.659873215481639 ], [ 555894.41915764217265, 6736824.76675727404654 ], [ 555892.643795323325321, 6736823.435235534794629 ], [ 555878.884737352724187, 6736816.333786259405315 ], [ 555873.114809816586785, 6736813.226902201771736 ], [ 555865.125679382006638, 6736808.344655824825168 ], [ 555853.141983730252832, 6736803.906250027939677 ], [ 555850.922780831693672, 6736802.574728288687766 ], [ 555841.602128658094443, 6736797.692481911741197 ], [ 555835.832201121957041, 6736789.259510898031294 ], [ 555833.169157643802464, 6736787.04030799958855 ], [ 555822.073143151355907, 6736787.484148578718305 ], [ 555806.094882282195613, 6736789.259510898031294 ], [ 555802.100317065021954, 6736785.264945680275559 ], [ 555797.218070688308217, 6736781.270380463451147 ], [ 555789.672780833439901, 6736773.281250028871 ], [ 555787.897418514592573, 6736771.062047130428255 ], [ 555783.459012717707083, 6736763.960597855038941 ], [ 555774.582201123703271, 6736761.29755437746644 ], [ 555773.694519964279607, 6736761.741394957527518 ], [ 555770.143795326701365, 6736769.286684812046587 ], [ 555769.256114167277701, 6736774.612771768122911 ], [ 555768.368433007970452, 6736783.489583362825215 ], [ 555765.70538952969946, 6736786.596467420458794 ], [ 555751.946331559098326, 6736789.703351478092372 ], [ 555746.176404023077339, 6736795.473279014229774 ], [ 555754.165534457541071, 6736801.243206550367177 ], [ 555763.042346051544882, 6736806.125452927313745 ], [ 555770.587635906413198, 6736814.558423941023648 ], [ 555780.79596923943609, 6736823.435235534794629 ], [ 555789.228940253728069, 6736827.429800752550364 ], [ 555802.544157644617371, 6736844.295742780901492 ], [ 555804.3195199634647, 6736852.728713795542717 ], [ 555798.99343300703913, 6736862.493206548504531 ], [ 555788.341259094304405, 6736856.279438433237374 ], [ 555773.250679384567775, 6736849.621829736977816 ], [ 555770.143795326701365, 6736851.841032635420561 ], [ 555763.042346051544882, 6736862.493206548504531 ], [ 555776.357563442434184, 6736871.370018142275512 ], [ 555791.004302572458982, 6736882.909873214550316 ], [ 555807.426404021331109, 6736890.01132248993963 ], [ 555821.629302571644075, 6736897.556612344458699 ], [ 555830.949954745359719, 6736901.551177562214434 ], [ 555846.928215614403598, 6736909.096467416733503 ], [ 555850.922780831693672, 6736913.091032634489238 ], [ 555854.029664889560081, 6736916.197916692122817 ], [ 555855.361186628695577, 6736929.069293503649533 ], [ 555846.040534454979934, 6736929.956974662840366 ], [ 555832.2814764843788, 6736929.956974662840366 ], [ 555831.393795324955136, 6736939.277626836672425 ], [ 555832.2814764843788, 6736939.721467415802181 ], [ 555842.489809817401692, 6736943.716032633557916 ], [ 555851.810461991117336, 6736946.822916691191494 ], [ 555856.692708367831074, 6736949.485960169695318 ], [ 555862.906476483563893, 6736957.031250024214387 ], [ 555858.911911266273819, 6736956.587409444153309 ], [ 555849.591259092558175, 6736956.143568865023553 ], [ 555842.045969237806275, 6736953.924365966580808 ], [ 555832.281476484495215, 6736949.485960169695318 ], [ 555812.752490977756679, 6736956.587409445084631 ], [ 555850.035099672386423, 6736992.094655821099877 ], [ 555878.440896773012355, 6736997.420742777176201 ], [ 555897.969882279750891, 6737006.297554370947182 ], [ 555933.477128655533306, 6737006.297554370947182 ], [ 555970.75973735016305, 6737016.949728284031153 ], [ 556057.75249097100459, 6737029.37726451549679 ], [ 556082.607563434052281, 6737016.949728284031153 ], [ 556084.382925752783194, 6736984.993206545710564 ], [ 556077.281476477626711, 6736976.116394951939583 ], [ 556079.05683879647404, 6736974.341032632626593 ], [ 556089.709012709208764, 6736945.935235532000661 ], [ 556091.484375027939677, 6736924.630887706764042 ], [ 556098.58582430309616, 6736862.493206549435854 ] ], [ [ 555902.852128656348214, 6736889.123641331680119 ], [ 555912.172780829947442, 6736896.668931186199188 ], [ 555922.38111416308675, 6736903.770380461588502 ], [ 555933.920969235245138, 6736907.764945678412914 ], [ 555948.123867785558105, 6736909.984148576855659 ], [ 555959.219882278004661, 6736913.091032635420561 ], [ 555966.765172132872976, 6736914.866394953802228 ], [ 555969.872056190739386, 6736915.754076112993062 ], [ 555972.978940248605795, 6736916.641757273115218 ], [ 555989.844882277073339, 6736921.080163070000708 ], [ 556003.603940247790888, 6736925.07472828682512 ], [ 555999.609375030500814, 6736927.737771765328944 ], [ 555992.951766335056163, 6736929.956974663771689 ], [ 555988.513360538054258, 6736933.507699301466346 ], [ 555973.422780828317627, 6736932.620018142275512 ], [ 555964.545969234313816, 6736928.181612344458699 ], [ 555957.444519959157333, 6736924.630887707695365 ], [ 555940.134737350977957, 6736920.63632248993963 ], [ 555917.498867786373012, 6736921.524003649130464 ], [ 555905.071331554790959, 6736919.748641330748796 ], [ 555885.98618662788067, 6736909.096467417664826 ], [ 555870.007925758720376, 6736905.101902200840414 ], [ 555866.901041700853966, 6736901.551177563145757 ], [ 555862.46263590385206, 6736895.781250027008355 ], [ 555857.13654894742649, 6736887.792119592428207 ], [ 555859.799592425697483, 6736879.80298915784806 ], [ 555856.248867788119242, 6736874.033061621710658 ], [ 555855.805027208407409, 6736866.043931187130511 ], [ 555857.580389527138323, 6736862.937047129496932 ], [ 555862.46263590385206, 6736856.279438434168696 ], [ 555865.125679382006638, 6736845.627264521084726 ], [ 555844.709012715960853, 6736834.531250028871 ], [ 555840.270606918958947, 6736831.868206550367177 ], [ 555833.169157643802464, 6736829.205163071863353 ], [ 555827.399230107665062, 6736826.098279014229774 ], [ 555826.511548948357813, 6736818.109148579649627 ], [ 555831.393795324955136, 6736815.889945681206882 ], [ 555835.832201121957041, 6736814.55842394195497 ], [ 555841.158288078382611, 6736815.889945681206882 ], [ 555852.254302570829168, 6736823.879076115787029 ], [ 555857.580389527138323, 6736828.31748191267252 ], [ 555869.120244599296711, 6736833.199728289619088 ], [ 555875.777853294741362, 6736838.081974666565657 ], [ 555879.328577932319604, 6736841.188858724199235 ], [ 555886.873867787187919, 6736846.071105101145804 ], [ 555889.536911265458912, 6736847.402626839466393 ], [ 555897.082201120327227, 6736848.734148578718305 ], [ 555899.301404018769972, 6736850.065670317970216 ], [ 555893.087635903037153, 6736851.841032637283206 ], [ 555888.649230106035247, 6736853.172554375603795 ], [ 555884.210824309033342, 6736860.717844231054187 ], [ 555884.210824309033342, 6736865.600090607069433 ], [ 555887.761548946611583, 6736871.813858723267913 ], [ 555902.852128656348214, 6736889.123641331680119 ] ] ] ] } },
{ "type": "Feature", "properties": { "id": 47 }, "geometry": { "type": "MultiPolygon", "coordinates": [ [ [ [ 556133.649230099515989, 6736824.766757276840508 ], [ 556127.435461983666755, 6736818.109148581512272 ], [ 556126.547780824359506, 6736818.109148581512272 ], [ 556119.890172128914855, 6736822.547554378397763 ], [ 556115.895606911624782, 6736821.659873219206929 ], [ 556104.355751839466393, 6736819.440670320764184 ], [ 556103.024230100330897, 6736814.11458336468786 ], [ 556103.024230100330897, 6736796.804800756275654 ], [ 556093.259737347019836, 6736795.029438437893987 ], [ 556090.596693868748844, 6736795.029438437893987 ], [ 556086.158288071863353, 6736797.248641336336732 ], [ 556081.276041695149615, 6736785.708786264061928 ], [ 556081.719882274861448, 6736779.938858727924526 ], [ 556081.276041695149615, 6736774.168931191787124 ], [ 556073.286911260569468, 6736759.522192061878741 ], [ 556067.516983724548481, 6736752.864583366550505 ], [ 556060.415534449391998, 6736746.650815250352025 ], [ 556057.752490971121006, 6736743.543931192718446 ], [ 556053.757925753830932, 6736736.442481917329133 ], [ 556048.87567937723361, 6736729.341032641939819 ], [ 556041.774230102077127, 6736724.014945685863495 ], [ 556031.565896769054234, 6736721.351902207359672 ], [ 556025.795969232916832, 6736719.576539888978004 ], [ 556015.587635899893939, 6736721.351902207359672 ], [ 556009.817708363756537, 6736729.784873222000897 ], [ 556016.031476479605772, 6736735.110960178077221 ], [ 556023.576766334474087, 6736742.212409453466535 ], [ 556027.57133155176416, 6736745.319293511100113 ], [ 556031.565896769054234, 6736752.420742786489427 ], [ 556037.779664884787053, 6736764.848279017955065 ], [ 556044.437273580231704, 6736779.938858727924526 ], [ 556046.212635899079032, 6736790.147192060947418 ], [ 556061.303215608699247, 6736805.237771770916879 ], [ 556067.073143144836649, 6736825.210597856901586 ], [ 556071.955389521550387, 6736842.076539885252714 ], [ 556082.607563434285112, 6736846.071105103008449 ], [ 556099.029664883040823, 6736854.060235537588596 ], [ 556118.558650389779359, 6736849.621829740703106 ], [ 556128.766983722802252, 6736837.638134088367224 ], [ 556133.649230099515989, 6736824.766757276840508 ] ] ] ] } },
{ "type": "Feature", "properties": { "id": 48 }, "geometry": { "type": "MultiPolygon", "coordinates": [ [ [ [ 555931.257925757439807, 6737248.634510889649391 ], [ 555906.846693873987533, 6737213.127264512702823 ], [ 555894.862998222117312, 6737190.491394948214293 ], [ 555839.826766339596361, 6737118.145380457863212 ], [ 555833.612998223863542, 6737097.728713791817427 ], [ 555792.335824311943725, 6737073.761322488076985 ], [ 555773.694519964628853, 6737066.216032632626593 ], [ 555762.598505472182296, 6737061.777626835741103 ], [ 555728.422780835535377, 6737060.446105096489191 ], [ 555725.315896777552553, 6737054.232336981222034 ], [ 555723.096693879109807, 6737049.350090604275465 ], [ 555719.102128661819734, 6737047.13088770583272 ], [ 555713.776041705394164, 6737047.574728285893798 ], [ 555710.669157647527754, 6737047.574728285893798 ], [ 555692.915534459636547, 6737047.13088770583272 ], [ 555686.257925764191896, 6737043.136322489008307 ], [ 555676.937273590476252, 6737038.697916692122817 ], [ 555649.862998228985816, 6737036.034873213618994 ], [ 555656.076766344718635, 6737050.681612343527377 ], [ 555645.424592431983911, 6737052.013134082779288 ], [ 555643.649230113252997, 6737047.574728285893798 ], [ 555641.873867794405669, 6737040.473279010504484 ], [ 555641.430027214693837, 6737030.70878625754267 ], [ 555639.654664895962924, 6737030.264945677481592 ], [ 555627.670969244092703, 6737032.484148575924337 ], [ 555618.794157650088891, 6737034.703351474367082 ], [ 555610.805027215508744, 6737039.585597851313651 ], [ 555613.468070693779737, 6737045.799365966580808 ], [ 555617.906476490781642, 6737051.56929350271821 ], [ 555631.665534461382776, 6737059.114583358168602 ], [ 555649.862998228985816, 6737069.76675727032125 ], [ 555661.846693880856037, 6737078.199728284962475 ], [ 555683.151041706325486, 6737089.295742777176201 ], [ 555699.129302575369366, 6737099.504076110199094 ], [ 555713.332201125798747, 6737106.605525385588408 ], [ 555724.87205619784072, 6737110.156250023283064 ], [ 555741.294157646712847, 6737122.139945674687624 ], [ 555755.497056197025813, 6737133.23596016690135 ], [ 555778.132925761630759, 6737143.444293499924242 ], [ 555791.004302572924644, 6737161.641757268458605 ], [ 555794.998867790214717, 6737174.069293499924242 ], [ 555799.88111416681204, 6737186.940670311450958 ], [ 555806.982563441968523, 6737202.918931180611253 ], [ 555810.533288079546764, 6737213.571105092763901 ], [ 555820.29778083297424, 6737225.554800745099783 ], [ 555830.506114165997133, 6737237.982336976565421 ], [ 555839.826766339596361, 6737249.078351468779147 ], [ 555842.489809817867354, 6737260.618206541053951 ], [ 555853.58582431031391, 6737271.270380454137921 ], [ 555931.257925757439807, 6737248.634510889649391 ] ] ] ] } },
{ "type": "Feature", "properties": { "id": 49 }, "geometry": { "type": "MultiPolygon", "coordinates": [ [ [ [ 555478.207654030993581, 6738306.08469202183187 ], [ 555483.200860552606173, 6738306.750452890992165 ], [ 555485.19814316125121, 6738301.757246369495988 ], [ 555490.524230117560364, 6738297.429800717160106 ], [ 555490.857110552373342, 6738296.431159413419664 ], [ 555490.857110552373342, 6738290.106431152671576 ], [ 555488.526947509031743, 6738282.450181152671576 ], [ 555488.526947509031743, 6738278.78849637042731 ], [ 555487.861186639405787, 6738273.129528978839517 ], [ 555485.531023596064188, 6738267.470561587251723 ], [ 555480.870697509148158, 6738260.48007245734334 ], [ 555476.876132291858084, 6738255.153985501267016 ], [ 555472.548686639871448, 6738249.162137675099075 ], [ 555469.552762726903893, 6738245.50045289285481 ], [ 555465.225317074800842, 6738237.511322458274662 ], [ 555462.562273596646264, 6738235.181159414350986 ], [ 555460.232110553188249, 6738231.852355066686869 ], [ 555455.238904031692073, 6738228.523550719022751 ], [ 555447.915534466621466, 6738225.194746371358633 ], [ 555443.588088814518414, 6738220.534420284442604 ], [ 555441.923686640686356, 6738218.537137676030397 ], [ 555438.26200185820926, 6738214.209692023694515 ], [ 555436.597599684377201, 6738212.212409415282309 ], [ 555432.270154032274149, 6738209.216485502198339 ], [ 555424.281023597694002, 6738209.216485502198339 ], [ 555416.291893163113855, 6738207.219202893786132 ], [ 555405.63971925037913, 6738216.206974633038044 ], [ 555406.971240989514627, 6738224.861865936778486 ], [ 555414.294610554468818, 6738231.186594197526574 ], [ 555430.60575185844209, 6738241.505887675099075 ], [ 555441.590806205989793, 6738248.16349637042731 ], [ 555452.908740988234058, 6738252.82382245734334 ], [ 555458.900588814169168, 6738263.143115935847163 ], [ 555458.900588814169168, 6738270.466485500335693 ], [ 555467.888360553071834, 6738289.440670282579958 ], [ 555478.207654030993581, 6738306.08469202183187 ] ] ] ] } },
{ "type": "Feature", "properties": { "id": 50 }, "geometry": { "type": "MultiPolygon", "coordinates": [ [ [ [ 555173.622056213207543, 6738382.147871367633343 ], [ 555163.302762735169381, 6738373.825860498473048 ], [ 555162.969882300472818, 6738371.495697455480695 ], [ 555160.306838822201826, 6738368.499773542396724 ], [ 555157.643795344047248, 6738364.838088759221137 ], [ 555152.317708387738094, 6738360.17776267323643 ], [ 555146.325860561802983, 6738356.516077890060842 ], [ 555141.332654040190391, 6738352.854393107816577 ], [ 555133.676404040423222, 6738349.525588760152459 ], [ 555129.34895838832017, 6738348.526947455480695 ], [ 555124.022871432011016, 6738352.188632238656282 ], [ 555121.692708388553001, 6738356.183197455480695 ], [ 555121.692708388553001, 6738360.510643107816577 ], [ 555128.017436649184674, 6738366.502490933984518 ], [ 555132.012001866474748, 6738369.498414846137166 ], [ 555135.340806214255281, 6738381.814990933053195 ], [ 555139.002490996732377, 6738389.471240933053195 ], [ 555145.327219257480465, 6738397.79325180221349 ], [ 555151.651947518112138, 6738401.122056149877608 ], [ 555163.968523604795337, 6738402.120697454549372 ], [ 555167.297327952459455, 6738409.77694745361805 ], [ 555175.952219256549142, 6738418.431838758289814 ], [ 555186.271512734587304, 6738424.090806148946285 ], [ 555193.262001864844933, 6738422.093523540534079 ], [ 555196.923686647322029, 6738418.431838758289814 ], [ 555200.252490995102562, 6738410.109827889129519 ], [ 555205.245697516715154, 6738403.119338758289814 ], [ 555206.577219255734235, 6738393.798686585389078 ], [ 555203.914175777579658, 6738386.808197454549372 ], [ 555200.585371429799125, 6738384.810914846137166 ], [ 555187.270154038909823, 6738384.478034411557019 ], [ 555173.622056213207543, 6738382.147871367633343 ] ] ] ] } },
{ "type": "Feature", "properties": { "id": 51 }, "geometry": { "type": "MultiPolygon", "coordinates": [ [ [ [ 555199.919610560405999, 6738370.497056149877608 ], [ 555202.915534473373555, 6738380.150588758289814 ], [ 555202.915534473373555, 6738380.150588758289814 ], [ 555205.578577951644547, 6738378.819067019037902 ], [ 555208.907382299308665, 6738375.823143105953932 ], [ 555215.897871429566294, 6738373.492980062961578 ], [ 555225.5514040379785, 6738368.499773541465402 ], [ 555230.544610559591092, 6738368.499773541465402 ], [ 555237.535099689848721, 6738360.510643106885254 ], [ 555237.867980124661699, 6738353.520153976045549 ], [ 555234.872056211694144, 6738347.861186585389078 ], [ 555236.203577950713225, 6738340.870697455480695 ], [ 555223.554121429333463, 6738332.881567020900548 ], [ 555212.236186647089198, 6738323.228034412488341 ], [ 555208.907382299308665, 6738317.901947455480695 ], [ 555200.585371430031955, 6738309.912817020900548 ], [ 555195.925045343115926, 6738309.247056151740253 ], [ 555191.930480125942267, 6738312.575860499404371 ], [ 555190.598958386806771, 6738316.570425716228783 ], [ 555191.59759969112929, 6738322.895153976976871 ], [ 555194.926404038909823, 6738330.551403976976871 ], [ 555199.253849690896459, 6738337.209012672305107 ], [ 555203.58129534299951, 6738349.192708324640989 ], [ 555207.908740994986147, 6738363.173686584457755 ], [ 555199.919610560405999, 6738370.497056149877608 ] ] ] ] } },
{ "type": "Feature", "properties": { "id": 52 }, "geometry": { "type": "MultiPolygon", "coordinates": [ [ [ [ 555974.865262712934054, 6737617.188632259145379 ], [ 555973.533740973798558, 6737595.884284432977438 ], [ 555970.204936626018025, 6737591.223958346061409 ], [ 555967.541893147863448, 6737590.225317042320967 ], [ 555965.211730104521848, 6737589.892436607740819 ], [ 555957.555480104638264, 6737592.55548008531332 ], [ 555947.901947496226057, 6737592.888360519893467 ], [ 555940.578577931271866, 6737597.548686606809497 ], [ 555936.251132279168814, 6737599.545969216153026 ], [ 555932.922327931504697, 6737599.213088780641556 ], [ 555925.931838801247068, 6737600.544610519893467 ], [ 555921.937273583956994, 6737605.537817041389644 ], [ 555919.274230105802417, 6737610.531023562885821 ], [ 555915.945425758021884, 6737612.52830617222935 ], [ 555915.279664888512343, 6737617.854393128305674 ], [ 555918.608469236176461, 6737619.185914867557585 ], [ 555923.268795322976075, 6737624.512001823633909 ], [ 555928.262001844588667, 6737631.169610518962145 ], [ 555934.919610540149733, 6737638.492980084381998 ], [ 555943.574501844239421, 6737635.829936605878174 ], [ 555948.567708365852013, 6737628.839447475969791 ], [ 555957.222599669941701, 6737622.514719215221703 ], [ 555960.884284452418797, 6737619.518795302137733 ], [ 555974.865262712934054, 6737617.188632259145379 ] ] ] ] } },
{ "type": "Feature", "properties": { "id": 53 }, "geometry": { "type": "MultiPolygon", "coordinates": [ [ [ [ 555887.650588802294806, 6737468.391077916137874 ], [ 555887.983469237107784, 6737464.063632263801992 ], [ 555886.984827932785265, 6737466.060914873145521 ], [ 555885.653306193649769, 6737468.723958350718021 ], [ 555879.328577933018096, 6737470.72124096006155 ], [ 555876.998414889560081, 6737469.389719220809639 ], [ 555873.003849672270007, 6737467.059556176885962 ], [ 555873.003849672270007, 6737467.059556176885962 ], [ 555868.676404020283371, 6737468.723958350718021 ], [ 555861.685914890025742, 6737470.72124096006155 ], [ 555858.024230107548647, 6737473.051404003053904 ], [ 555855.361186629277654, 6737475.04868661146611 ], [ 555855.361186629277654, 6737478.710371394641697 ], [ 555857.025588803226128, 6737483.703577916137874 ], [ 555861.353034455212764, 6737490.028306176885962 ], [ 555862.01879532483872, 6737495.687273567542434 ], [ 555868.676404020283371, 6737505.007925741374493 ], [ 555872.338088802760467, 6737507.338088784366846 ], [ 555883.98890401981771, 6737504.009284436702728 ], [ 555888.649230106617324, 6737502.344882262870669 ], [ 555890.646512715262361, 6737499.016077915206552 ], [ 555891.978034454397857, 6737493.02423008903861 ], [ 555894.973958367365412, 6737487.032382263801992 ], [ 555898.635643149842508, 6737483.370697480626404 ], [ 555903.295969236642122, 6737483.370697480626404 ], [ 555905.293251845287159, 6737480.041893132962286 ], [ 555903.295969236642122, 6737477.711730089969933 ], [ 555893.975317063042894, 6737470.38836052455008 ], [ 555887.650588802294806, 6737468.391077916137874 ] ] ] ] } },
{ "type": "Feature", "properties": { "id": 54 }, "geometry": { "type": "MultiPolygon", "coordinates": [ [ [ [ 555443.920969249564223, 6737314.933197485283017 ], [ 555435.598958380287513, 6737320.592164875939488 ], [ 555430.605751858674921, 6737324.586730093695223 ], [ 555424.281023597926833, 6737330.911458354443312 ], [ 555419.953577945940197, 6737334.906023571267724 ], [ 555411.964447511360049, 6737340.232110528275371 ], [ 555410.965806207037531, 6737347.555480092763901 ], [ 555417.623414902482182, 6737352.21580617967993 ], [ 555422.949501858907752, 6737354.545969223603606 ], [ 555427.942708380520344, 6737350.884284440428019 ], [ 555432.603034467319958, 6737342.895154005847871 ], [ 555440.592164901900105, 6737338.567708354443312 ], [ 555444.253849684377201, 6737338.567708354443312 ], [ 555457.569067075266503, 6737336.903306180611253 ], [ 555461.563632292556576, 6737330.578577919863164 ], [ 555464.89243664033711, 6737326.58401270210743 ], [ 555469.885643161949702, 6737324.919610528275371 ], [ 555476.543251857394353, 6737323.920969224534929 ], [ 555478.540534466039389, 6737323.920969224534929 ], [ 555485.19814316148404, 6737325.585371398366988 ], [ 555493.520154030877165, 6737330.578577919863164 ], [ 555499.844882291508839, 6737335.238904006779194 ], [ 555508.499773595598526, 6737334.573143136687577 ], [ 555512.4943388128886, 6737329.5799366151914 ], [ 555517.487545334501192, 6737320.592164875939488 ], [ 555520.150588812655769, 6737307.942708355374634 ], [ 555517.487545334501192, 6737296.957654007710516 ], [ 555513.160099682514556, 6737286.638360529206693 ], [ 555516.821784464991651, 6737283.309556181542575 ], [ 555521.482110551791266, 6737276.984827920794487 ], [ 555526.808197508216836, 6737274.321784443221986 ], [ 555530.802762725506909, 6737269.661458356305957 ], [ 555534.464447507984005, 6737264.002490964718163 ], [ 555534.131567073171027, 6737259.009284443221986 ], [ 555526.14243663859088, 6737255.680480095557868 ], [ 555526.808197508216836, 6737243.696784444153309 ], [ 555535.130208377493545, 6737239.369338791817427 ], [ 555535.130208377493545, 6737235.041893139481544 ], [ 555533.132925768848509, 6737231.047327920794487 ], [ 555533.132925768848509, 6737216.400588790886104 ], [ 555525.143795334384777, 6737210.741621400229633 ], [ 555523.14651272573974, 6737202.752490965649486 ], [ 555524.478034464758821, 6737194.430480095557868 ], [ 555524.478034464758821, 6737186.108469226397574 ], [ 555523.81227359524928, 6737178.452219226397574 ], [ 555523.14651272573974, 6737174.124773574993014 ], [ 555524.478034464758821, 6737166.468523574993014 ], [ 555524.810914899571799, 6737158.479393140412867 ], [ 555524.478034464758821, 6737154.484827922657132 ], [ 555529.13836055167485, 6737145.497056184336543 ], [ 555532.13428446452599, 6737137.175045315176249 ], [ 555532.800045334151946, 6737129.185914880596101 ], [ 555529.471240986371413, 6737126.855751836672425 ], [ 555512.827219247701578, 6737133.513360532000661 ], [ 555502.507925769779831, 6737147.827219227328897 ], [ 555497.181838813354261, 6737157.813632271252573 ], [ 555494.518795335199684, 6737166.801404009573162 ], [ 555494.518795335199684, 6737173.459012704901397 ], [ 555497.847599682980217, 6737179.117980096489191 ], [ 555502.507925769779831, 6737184.111186617985368 ], [ 555506.502490987069905, 6737188.43863227032125 ], [ 555507.501132291392423, 6737193.431838791817427 ], [ 555507.834012726088986, 6737202.086730095557868 ], [ 555507.501132291392423, 6737212.073143138550222 ], [ 555501.842164900153875, 6737219.729393138550222 ], [ 555495.85031707433518, 6737224.389719225466251 ], [ 555485.863904031109996, 6737218.73075183480978 ], [ 555483.200860552955419, 6737212.738904008641839 ], [ 555482.535099683329463, 6737197.426404008641839 ], [ 555484.5323822919745, 6737191.767436617985368 ], [ 555482.535099683329463, 6737186.441349660977721 ], [ 555479.872056205174886, 6737184.776947487145662 ], [ 555465.891077944659628, 6737185.775588791817427 ], [ 555464.89243664033711, 6737191.767436617985368 ], [ 555464.226675770827569, 6737196.760643139481544 ], [ 555463.228034466505051, 6737211.407382269389927 ], [ 555461.896512727369554, 6737217.066349660046399 ], [ 555457.569067075382918, 6737220.728034443221986 ], [ 555449.247056205989793, 6737229.050045312382281 ], [ 555446.251132293022238, 6737233.377490964718163 ], [ 555443.255208380054682, 6737241.36662139929831 ], [ 555441.923686641035601, 6737245.361186616122723 ], [ 555440.592164901900105, 6737251.685914876870811 ], [ 555438.594882293255068, 6737263.669610529206693 ], [ 555437.263360554119572, 6737268.66281705070287 ], [ 555432.270154032623395, 6737274.321784441359341 ], [ 555424.613904032739811, 6737271.658740962855518 ], [ 555420.286458380753174, 6737264.668251832947135 ], [ 555417.290534467785619, 6737262.670969224534929 ], [ 555413.628849685308523, 6737263.003849659115076 ], [ 555410.965806207037531, 6737265.001132267527282 ], [ 555408.968523598392494, 6737269.328577919863164 ], [ 555410.632925772340968, 6737275.9861866151914 ], [ 555413.295969250495546, 6737279.647871397435665 ], [ 555419.953577945940197, 6737284.308197484351695 ], [ 555419.953577945940197, 6737284.308197484351695 ], [ 555425.279664902365766, 6737287.304121397435665 ], [ 555433.934556206455454, 6737295.293251832015812 ], [ 555437.59624098893255, 6737299.953577918931842 ], [ 555441.590806206222624, 6737309.607110527344048 ], [ 555441.590806206222624, 6737309.607110527344048 ], [ 555443.920969249564223, 6737314.933197485283017 ] ] ] ] } },
{ "type": "Feature", "properties": { "id": 55 }, "geometry": { "type": "MultiPolygon", "coordinates": [ [ [ [ 555310.43591490550898, 6737617.521512690000236 ], [ 555299.783740992774256, 6737616.855751820839942 ], [ 555294.457654036348686, 6737617.521512690000236 ], [ 555284.471240993123502, 6737621.516077906824648 ], [ 555282.47395838459488, 6737629.505208341404796 ], [ 555285.802762732258998, 6737641.488903993740678 ], [ 555281.142436645459384, 6737645.48346921056509 ], [ 555267.161458384944126, 6737653.472599645145237 ], [ 555256.509284472209401, 6737662.127490949817002 ], [ 555248.520154037629254, 6737659.464447471313179 ], [ 555249.85167577676475, 6737646.814990949817002 ], [ 555257.175045341718942, 6737636.828577906824648 ], [ 555256.509284472209401, 6737633.499773559160531 ], [ 555253.180480124428868, 6737631.502490950748324 ], [ 555244.525588820339181, 6737640.823143124580383 ], [ 555235.870697516249493, 6737654.804121384397149 ], [ 555231.210371429449879, 6737671.448143123649061 ], [ 555241.862545342184603, 6737678.771512688137591 ], [ 555251.183197515900247, 6737680.768795296549797 ], [ 555276.48211055865977, 6737676.10846921056509 ], [ 555293.791893166839145, 6737662.127490949817002 ], [ 555297.786458384129219, 6737658.798686602152884 ], [ 555306.441349688218907, 6737642.154664862900972 ], [ 555309.104393166373484, 6737640.157382254488766 ], [ 555321.088088818243705, 6737635.497056167572737 ], [ 555342.392436643713154, 6737631.502490950748324 ], [ 555343.72395838284865, 6737632.168251819908619 ], [ 555341.060914904694073, 6737643.486186602152884 ], [ 555336.400588817778043, 6737651.475317036733031 ], [ 555330.408740991842933, 6737660.79596921056509 ], [ 555317.093523600953631, 6737670.782382253557444 ], [ 555309.77015403599944, 6737678.105751818977296 ], [ 555297.786458384129219, 6737688.757925731129944 ], [ 555289.131567080039531, 6737702.738903991878033 ], [ 555283.805480123613961, 6737706.733469209633768 ], [ 555280.476675775949843, 6737710.062273557297885 ], [ 555268.492980124079622, 6737720.714447469450533 ], [ 555263.832654037280008, 6737733.36390399094671 ], [ 555263.832654037280008, 6737744.016077904030681 ], [ 555273.153306210879236, 6737748.67640399094671 ], [ 555275.150588819524273, 6737748.010643120855093 ], [ 555286.468523601768538, 6737737.358469208702445 ], [ 555303.778306210064329, 6737726.706295295618474 ], [ 555311.767436644644476, 6737714.056838774122298 ], [ 555339.063632296049036, 6737669.450860514305532 ], [ 555353.710371426073834, 6737658.132925732061267 ], [ 555363.031023599673063, 6737641.488903993740678 ], [ 555363.696784469182603, 6737632.168251819908619 ], [ 555355.041893165092915, 6737618.853034429252148 ], [ 555356.373414904228412, 6737610.198143124580383 ], [ 555355.707654034718871, 6737608.200860516168177 ], [ 555351.713088817428797, 6737605.537817038595676 ], [ 555348.384284469648264, 6737600.21173008158803 ], [ 555330.408740991842933, 6737586.896512690931559 ], [ 555319.090806209598668, 6737577.5758605170995 ], [ 555305.10982794908341, 6737565.59216486569494 ], [ 555286.468523601768538, 6737552.942708344198763 ], [ 555275.816349689033814, 6737548.282382257282734 ], [ 555255.177762733073905, 6737542.290534431114793 ], [ 555227.215806212159805, 6737537.630208344198763 ], [ 555209.906023603980429, 6737529.641077909618616 ], [ 555200.585371430264786, 6737524.314990953542292 ], [ 555183.941349691594951, 6737516.991621388122439 ], [ 555171.291893170215189, 6737509.002490953542292 ], [ 555159.308197518344969, 6737508.336730084381998 ], [ 555151.984827953390777, 6737521.651947475038469 ], [ 555161.305480126990005, 6737528.309556170366704 ], [ 555186.604393169865943, 6737540.293251822702587 ], [ 555224.552762734005228, 6737558.268795300275087 ], [ 555241.862545342184603, 6737564.926403995603323 ], [ 555256.509284472209401, 6737569.586730082519352 ], [ 555271.1560236022342, 6737581.570425734855235 ], [ 555293.791893166839145, 6737596.882925733923912 ], [ 555310.43591490550898, 6737617.521512690000236 ] ] ] ] } },
{ "type": "Feature", "properties": { "id": 56 }, "geometry": { "type": "MultiPolygon", "coordinates": [ [ [ [ 556559.403306175023317, 6737873.839447464793921 ], [ 556562.732110522687435, 6737876.502490943297744 ], [ 556572.718523565912619, 6737885.823143117129803 ], [ 556580.041893130983226, 6737888.486186595633626 ], [ 556589.362545304582454, 6737883.825860508717597 ], [ 556598.683197478298098, 6737879.831295290961862 ], [ 556607.338088782387786, 6737867.181838769465685 ], [ 556610.001132260542363, 6737865.184556161053479 ], [ 556614.661458347341977, 6737863.853034421801567 ], [ 556621.984827912412584, 6737860.524230074137449 ], [ 556625.313632260076702, 6737848.54053442273289 ], [ 556625.979393129702657, 6737846.543251813389361 ], [ 556619.321784434258007, 6737841.217164857313037 ], [ 556608.003849651897326, 6737832.562273553572595 ], [ 556607.338088782387786, 6737825.904664858244359 ], [ 556585.367980087292381, 6737829.233469205908477 ], [ 556580.041893130983226, 6737844.545969204977155 ], [ 556564.063632261822931, 6737860.524230074137449 ], [ 556559.403306175023317, 6737873.839447464793921 ] ] ] ] } },
{ "type": "Feature", "properties": { "id": 57 }, "geometry": { "type": "MultiPolygon", "coordinates": [ [ [ [ 556707.535099649103358, 6737798.774909420870245 ], [ 556714.858469214173965, 6737799.440670290030539 ], [ 556718.68659421405755, 6737797.443387681618333 ], [ 556720.683876822702587, 6737794.114583333954215 ], [ 556723.014039866044186, 6737789.620697464793921 ], [ 556726.17640399641823, 6737782.630208333954215 ], [ 556731.003170300624333, 6737778.136322464793921 ], [ 556735.829936604830436, 6737774.141757247969508 ], [ 556741.988224648172036, 6737768.482789856381714 ], [ 556748.312952908803709, 6737766.651947464793921 ], [ 556753.805480082635768, 6737763.656023552641273 ], [ 556754.970561604364775, 6737760.826539856381714 ], [ 556753.139719213009812, 6737755.666893118061125 ], [ 556750.143795300042257, 6737751.67232790030539 ], [ 556747.147871387191117, 6737750.174365944229066 ], [ 556742.653985517681576, 6737750.007925726473331 ], [ 556737.494338778662495, 6737750.673686595633626 ], [ 556732.834012691862881, 6737754.335371378809214 ], [ 556728.839447474572808, 6737758.995697465725243 ], [ 556722.681159431347623, 6737759.994338769465685 ], [ 556718.353713779244572, 6737762.490942030213773 ], [ 556715.857110518496484, 6737766.98482790030539 ], [ 556714.525588779360987, 6737770.979393117129803 ], [ 556713.194067040225491, 6737775.14039855170995 ], [ 556708.367300736019388, 6737778.802083333954215 ], [ 556705.537817040458322, 6737787.623414855450392 ], [ 556705.204936605645344, 6737791.617980073206127 ], [ 556707.535099649103358, 6737798.774909420870245 ] ] ] ] } },
{ "type": "Feature", "properties": { "id": 58 }, "geometry": { "type": "MultiPolygon", "coordinates": [ [ [ [ 557629.780344189028256, 6738043.941349631175399 ], [ 557626.11865940655116, 6738052.929121369495988 ], [ 557639.433876797440462, 6738054.2606431087479 ], [ 557649.087409405852668, 6738051.930480065755546 ], [ 557657.742300710058771, 6738055.259284413419664 ], [ 557660.738224622909911, 6738060.252490934915841 ], [ 557657.076539840432815, 6738068.241621369495988 ], [ 557648.421648536343127, 6738073.900588760152459 ], [ 557639.76675723225344, 6738080.225317020900548 ], [ 557632.443387667182833, 6738088.547327890992165 ], [ 557630.446105058537796, 6738096.869338760152459 ], [ 557630.446105058537796, 6738102.861186585389078 ], [ 557638.102355058421381, 6738104.858469194732606 ], [ 557653.747735492768697, 6738095.870697455480695 ], [ 557665.065670275012963, 6738085.218523542396724 ], [ 557673.387681144406088, 6738073.234827890992165 ], [ 557678.380887665902264, 6738069.906023543328047 ], [ 557685.038496361463331, 6738061.9168931087479 ], [ 557684.705615926650353, 6738051.930480065755546 ], [ 557681.709692013682798, 6738045.27287137042731 ], [ 557672.721920274780132, 6738037.283740935847163 ], [ 557675.717844187747687, 6738027.963088762015104 ], [ 557675.717844187747687, 6738021.971240935847163 ], [ 557672.056159405270591, 6738019.30819745734334 ], [ 557664.732789840199985, 6738014.314990935847163 ], [ 557662.069746362045407, 6738018.975317022763193 ], [ 557660.07246375340037, 6738025.300045283511281 ], [ 557652.749094188446179, 6738030.626132239587605 ], [ 557647.090126797207631, 6738031.957653978839517 ], [ 557636.770833319285884, 6738034.953577891923487 ], [ 557633.774909406318329, 6738036.285099631175399 ], [ 557629.780344189028256, 6738043.941349631175399 ] ] ] ] } },
{ "type": "Feature", "properties": { "id": 59 }, "geometry": { "type": "MultiPolygon", "coordinates": [ [ [ [ 557564.202898538787849, 6738162.113903974182904 ], [ 557550.887681147898547, 6738168.771512669511139 ], [ 557548.890398539253511, 6738168.771512669511139 ], [ 557540.901268104673363, 6738175.429121365770698 ], [ 557538.238224626518786, 6738179.756567017175257 ], [ 557533.910778974415734, 6738183.751132234930992 ], [ 557528.584692017990164, 6738188.744338756427169 ], [ 557528.917572452803142, 6738197.066349625587463 ], [ 557531.58061593095772, 6738201.060914843343198 ], [ 557538.571105061215349, 6738203.723958320915699 ], [ 557549.223278973950073, 6738198.397871364839375 ], [ 557555.548007234698161, 6738193.737545277923346 ], [ 557565.534420277923346, 6738189.410099625587463 ], [ 557570.19474636472296, 6738184.084012669511139 ], [ 557575.520833321032114, 6738175.429121365770698 ], [ 557577.518115929677151, 6738167.43999093119055 ], [ 557572.192028973367997, 6738158.785099626518786 ], [ 557564.202898538787849, 6738162.113903974182904 ] ] ] ] } },
{ "type": "Feature", "properties": { "id": 60 }, "geometry": { "type": "MultiPolygon", "coordinates": [ [ [ [ 556806.567028994788416, 6737143.166893127374351 ], [ 556797.912137690698728, 6737153.153306171298027 ], [ 556792.918931169086136, 6737164.138360518030822 ], [ 556797.57925725588575, 6737173.791893126443028 ], [ 556799.909420299343765, 6737178.785099648870528 ], [ 556810.228713777265511, 6737174.124773561954498 ], [ 556814.556159429368563, 6737166.801403996534646 ], [ 556819.549365950981155, 6737160.809556170366704 ], [ 556825.874094211612828, 6737154.817708345130086 ], [ 556829.202898559393361, 6737152.154664866626263 ], [ 556831.865942037547939, 6737143.832653997465968 ], [ 556836.526268124463968, 6737141.502490953542292 ], [ 556846.512681167572737, 6737137.840806171298027 ], [ 556853.503170297830366, 6737133.180480084381998 ], [ 556860.493659428087994, 6737125.524230084381998 ], [ 556859.162137688952498, 6737118.866621389053762 ], [ 556855.83333334128838, 6737115.537817041389644 ], [ 556852.837409428320825, 6737115.537817041389644 ], [ 556835.860507254838012, 6737121.862545302137733 ], [ 556833.197463776683435, 6737128.187273562885821 ], [ 556814.889039864181541, 6737137.50792573671788 ], [ 556804.569746386143379, 6737139.505208345130086 ], [ 556801.906702907988802, 6737139.505208345130086 ], [ 556806.567028994788416, 6737143.166893127374351 ] ] ] ] } },
{ "type": "Feature", "properties": { "id": 61 }, "geometry": { "type": "MultiPolygon", "coordinates": [ [ [ [ 556704.039855084498413, 6737169.630887691862881 ], [ 556712.02898551907856, 6737162.307518126443028 ], [ 556712.02898551907856, 6737162.307518126443028 ], [ 556711.196784432162531, 6737158.312952909618616 ], [ 556709.532382258214056, 6737153.819067039526999 ], [ 556707.867980084381998, 6737148.992300735786557 ], [ 556705.537817040923983, 6737144.664855083450675 ], [ 556697.215806171647273, 6737143.666213779710233 ], [ 556695.384963780408725, 6737145.497056170366704 ], [ 556693.05480073695071, 6737145.330615953542292 ], [ 556689.725996389286593, 6737145.829936604946852 ], [ 556687.395833345828578, 6737151.322463778778911 ], [ 556687.562273563235067, 6737156.81499095261097 ], [ 556687.728713780641556, 6737156.981431170366704 ], [ 556692.056159432628192, 6737163.472599647939205 ], [ 556698.547327910666354, 6737168.465806169435382 ], [ 556704.039855084498413, 6737169.630887691862881 ] ] ] ] } },
{ "type": "Feature", "properties": { "id": 62 }, "geometry": { "type": "MultiPolygon", "coordinates": [ [ [ [ 555644.481431200983934, 6738288.275588750839233 ], [ 555643.982110548880883, 6738299.260643098503351 ], [ 555652.969882287783548, 6738312.242980054579675 ], [ 555682.9291214174591, 6738322.229393097572029 ], [ 555688.920969243277796, 6738319.233469185419381 ], [ 555688.920969243277796, 6738311.743659403175116 ], [ 555692.416213808348402, 6738301.75724635925144 ], [ 555698.408061634283513, 6738288.275588750839233 ], [ 555702.901947503793053, 6738271.298686577938497 ], [ 555706.896512720966712, 6738250.826539839617908 ], [ 555712.888360546901822, 6738234.848278970457613 ], [ 555717.382246416411363, 6738225.36118657886982 ], [ 555716.882925764191896, 6738216.373414840549231 ], [ 555710.391757286153734, 6738213.876811579801142 ], [ 555700.40534424292855, 6738216.87273549195379 ], [ 555697.409420329960994, 6738223.363903970457613 ], [ 555688.421648591058329, 6738235.347599621862173 ], [ 555678.934556200052612, 6738252.324501795694232 ], [ 555676.937273591407575, 6738267.803442012518644 ], [ 555671.944067069794983, 6738271.798007230274379 ], [ 555658.462409461499192, 6738277.789855055510998 ], [ 555648.975317070493475, 6738289.274230055510998 ], [ 555644.481431200983934, 6738288.275588750839233 ] ] ] ] } },
{ "type": "Feature", "properties": { "id": 63 }, "geometry": { "type": "MultiPolygon", "coordinates": [ [ [ [ 556555.491961067076772, 6737995.174365933053195 ], [ 556555.242300741025247, 6738019.141757236793637 ], [ 556557.489243675721809, 6738026.631567019037902 ], [ 556558.987205632263795, 6738029.128170279785991 ], [ 556559.736186610418372, 6738034.62069745361805 ], [ 556555.242300741025247, 6738039.364243648946285 ], [ 556551.996716502006166, 6738042.609827888198197 ], [ 556550.49875454546418, 6738048.352015388198197 ], [ 556550.49875454546418, 6738053.095561583526433 ], [ 556553.744338784599677, 6738058.588088757358491 ], [ 556554.243659436702728, 6738064.829596908763051 ], [ 556555.741621393128298, 6738068.574501800350845 ], [ 556560.235507262637839, 6738069.573143105022609 ], [ 556566.227355088572949, 6738069.323482778854668 ], [ 556568.723958349321038, 6738065.328917561098933 ], [ 556569.722599653643556, 6738062.332993648014963 ], [ 556569.972259979695082, 6738058.33842843119055 ], [ 556572.968183892662637, 6738051.347939301282167 ], [ 556569.972259979695082, 6738043.608469192869961 ], [ 556568.723958349321038, 6738038.615262670442462 ], [ 556568.224637697217986, 6738032.873075171373785 ], [ 556568.973618675372563, 6738024.384624084457755 ], [ 556571.220561610185541, 6738016.89481430221349 ], [ 556572.468863240559585, 6738013.399569736793637 ], [ 556577.212409436120652, 6738006.409080606885254 ], [ 556577.212409436120652, 6737999.66825180221349 ], [ 556568.224637697217986, 6737991.179800715297461 ], [ 556566.227355088572949, 6737988.932857780717313 ], [ 556562.981770849553868, 6737987.934216476976871 ], [ 556562.482450197334401, 6737987.934216476976871 ], [ 556555.491961067076772, 6737995.174365933053195 ] ] ] ] } },
{ "type": "Feature", "properties": { "id": 64 }, "geometry": { "type": "MultiPolygon", "coordinates": [ [ [ [ 558980.69236860901583, 6734183.110847021453083 ], [ 558973.701879478758201, 6734185.108129629865289 ], [ 558977.696444696048275, 6734192.098618760704994 ], [ 558992.676064260886051, 6734193.097260064445436 ], [ 559007.655683825723827, 6734182.112205716781318 ], [ 559021.636662086122669, 6734171.1271513691172 ], [ 559027.62850991205778, 6734156.14753180462867 ], [ 559033.62035773799289, 6734141.16791224014014 ], [ 559035.617640346637927, 6734130.182857892476022 ], [ 559039.612205563928001, 6734104.218183980323374 ], [ 559047.601335998508148, 6734084.245357893407345 ], [ 559061.582314259023406, 6734074.258944850414991 ], [ 559075.563292519422248, 6734026.324162242934108 ], [ 559086.54834686696995, 6733991.371716591529548 ], [ 559092.540194692905061, 6733976.392097027041018 ], [ 559092.540194692905061, 6733967.404325288720429 ], [ 559084.551064258324914, 6733967.404325288720429 ], [ 559075.563292519422248, 6733978.389379635453224 ], [ 559066.575520780519582, 6733994.367640504613519 ], [ 559059.585031650378369, 6734015.33910789526999 ], [ 559048.599977302830666, 6734045.298347025178373 ], [ 559044.605412085540593, 6734056.283401372842491 ], [ 559040.610846868250519, 6734057.282042677514255 ], [ 559040.610846868250519, 6734057.282042677514255 ], [ 559032.621716433670372, 6734046.296988329850137 ], [ 559032.621716433670372, 6734031.317368764430285 ], [ 559036.616281650960445, 6734023.328238329850137 ], [ 559039.612205563928001, 6734014.340466591529548 ], [ 559041.609488172573037, 6734000.35948833078146 ], [ 559045.604053389863111, 6733987.377151374705136 ], [ 559048.599977302830666, 6733982.383944853208959 ], [ 559032.621716433670372, 6733977.390738331712782 ], [ 559020.638020781800151, 6734015.33910789526999 ], [ 559018.640738173155114, 6734038.30785789526999 ], [ 559013.647531651658937, 6734050.29155354667455 ], [ 559010.651607738691382, 6734067.268455720506608 ], [ 559010.651607738691382, 6734086.242640502750874 ], [ 559012.648890347336419, 6734099.224977458827198 ], [ 559021.636662086122669, 6734129.184216587804258 ], [ 559023.633944694767706, 6734138.17198832705617 ], [ 558993.674705565208569, 6734170.128510065376759 ], [ 558980.69236860901583, 6734183.110847021453083 ] ] ] ] } },
{ "type": "Feature", "properties": { "id": 65 }, "geometry": { "type": "MultiPolygon", "coordinates": [ [ [ [ 561243.114243546035141, 6734634.247056249529123 ], [ 561240.118319633067586, 6734619.267436685040593 ], [ 561238.121037024422549, 6734616.271512771956623 ], [ 561236.123754415777512, 6734611.278306250460446 ], [ 561231.13054789416492, 6734605.785779076628387 ], [ 561228.633944633300416, 6734604.787137772887945 ], [ 561225.638020720332861, 6734603.289175815880299 ], [ 561220.644814198836684, 6734605.286458424292505 ], [ 561218.148210937972181, 6734609.780344294384122 ], [ 561218.148210937972181, 6734613.774909511208534 ], [ 561219.146852242294699, 6734619.766757337376475 ], [ 561223.141417459584773, 6734635.74501820653677 ], [ 561231.13054789416492, 6734645.731431249529123 ], [ 561241.616281589493155, 6734648.727355162613094 ], [ 561247.108808763208799, 6734644.233469293452799 ], [ 561243.114243546035141, 6734634.247056249529123 ] ] ] ] } },
{ "type": "Feature", "properties": { "id": 66 }, "geometry": { "type": "MultiPolygon", "coordinates": [ [ [ [ 561196.178102242876776, 6734677.438292662613094 ], [ 561199.923007134115323, 6734673.19406711962074 ], [ 561199.923007134115323, 6734671.945765489712358 ], [ 561198.924365829792805, 6734665.953917663544416 ], [ 561197.925724525470287, 6734657.715126902796328 ], [ 561194.680140286451206, 6734651.473618750460446 ], [ 561192.183537025586702, 6734644.233469294384122 ], [ 561189.686933764838614, 6734639.989243751391768 ], [ 561183.944746264955029, 6734634.996037228964269 ], [ 561179.700520721613429, 6734632.249773642979562 ], [ 561176.454936482594348, 6734630.751811685971916 ], [ 561171.961050613084808, 6734629.253849729895592 ], [ 561167.217504417640157, 6734628.005548099055886 ], [ 561164.221580504672602, 6734631.500792664475739 ], [ 561164.720901156775653, 6734635.745018207468092 ], [ 561163.722259852453135, 6734643.484488315880299 ], [ 561164.471240830724128, 6734646.73007255513221 ], [ 561169.963768004439771, 6734654.719202989712358 ], [ 561175.955615830374882, 6734662.957993750460446 ], [ 561182.94610496063251, 6734671.945765489712358 ], [ 561196.178102242876776, 6734677.438292662613094 ] ] ] ] } },
{ "type": "Feature", "properties": { "id": 67 }, "geometry": { "type": "MultiPolygon", "coordinates": [ [ [ [ 558541.53985503478907, 6734147.659080719575286 ], [ 558557.018795251729898, 6734143.664515502750874 ], [ 558557.018795251729898, 6734143.664515502750874 ], [ 558560.014719164697453, 6734131.680819850414991 ], [ 558561.512681121123023, 6734116.701200285926461 ], [ 558561.013360469019972, 6734104.717504633590579 ], [ 558560.014719164697453, 6734096.728374199010432 ], [ 558565.007925686310045, 6734084.744678547605872 ], [ 558568.503170251380652, 6734079.751472026109695 ], [ 558571.499094164348207, 6734071.263020939193666 ], [ 558569.501811555703171, 6734065.770493765361607 ], [ 558569.002490903600119, 6734064.272531809285283 ], [ 558568.503170251380652, 6734062.275249199941754 ], [ 558561.512681121123023, 6734060.77728724386543 ], [ 558558.516757208271883, 6734061.276607896201313 ], [ 558553.024230034439825, 6734069.765058982186019 ], [ 558549.528985469369218, 6734081.249433982186019 ], [ 558543.537137643434107, 6734091.735167677514255 ], [ 558541.53985503478907, 6734100.722939416766167 ], [ 558541.53985503478907, 6734105.216825285926461 ], [ 558542.039175686892122, 6734115.203238328918815 ], [ 558542.538496339111589, 6734127.686254633590579 ], [ 558539.542572426144034, 6734142.166553545743227 ], [ 558541.53985503478907, 6734147.659080719575286 ] ] ] ] } },
{ "type": "Feature", "properties": { "id": 68 }, "geometry": { "type": "MultiPolygon", "coordinates": [ [ [ [ 558478.375792537000962, 6734112.95629539526999 ], [ 558481.371716449968517, 6734103.968523656949401 ], [ 558485.865602319361642, 6734098.475996483117342 ], [ 558489.61050721060019, 6734093.732450287789106 ], [ 558490.609148514922708, 6734088.489583440124989 ], [ 558489.360846884432249, 6734082.248075287789106 ], [ 558487.363564275787212, 6734076.755548113957047 ], [ 558484.866961015039124, 6734068.267097027041018 ], [ 558483.119338732445613, 6734063.773211157880723 ], [ 558480.87239579774905, 6734060.277966592460871 ], [ 558477.377151232678443, 6734058.530344310216606 ], [ 558473.132925689336844, 6734061.276607897132635 ], [ 558471.135643080691807, 6734064.771852462552488 ], [ 558469.637681124149822, 6734068.017436700873077 ], [ 558466.142436559079215, 6734074.5086051793769 ], [ 558465.643115906859748, 6734083.995697570033371 ], [ 558463.895493624266237, 6734092.733808983117342 ], [ 558460.649909385247156, 6734101.721580722369254 ], [ 558458.402966450550593, 6734107.713428547605872 ], [ 558454.158740907208994, 6734112.95629539526999 ], [ 558450.16417568991892, 6734117.949501916766167 ], [ 558446.918591450899839, 6734123.192368764430285 ], [ 558445.919950146577321, 6734132.679461156018078 ], [ 558449.664855037815869, 6734141.167912242934108 ], [ 558458.153306124499068, 6734144.413496481254697 ], [ 558460.40024905919563, 6734138.171988329850137 ], [ 558464.145153950434178, 6734132.679461156018078 ], [ 558470.885982754523866, 6734120.945425829850137 ], [ 558478.375792537000962, 6734112.95629539526999 ] ] ] ] } },
{ "type": "Feature", "properties": { "id": 69 }, "geometry": { "type": "MultiPolygon", "coordinates": [ [ [ [ 555176.451539912959561, 6738502.983469196595252 ], [ 555169.461050782701932, 6738517.630208326503634 ], [ 555164.134963826276362, 6738526.617980065755546 ], [ 555161.139039913308807, 6738534.607110500335693 ], [ 555157.477355130831711, 6738546.590806152671576 ], [ 555151.818387739709578, 6738556.577219195663929 ], [ 555145.49365947896149, 6738566.89651267323643 ], [ 555143.829257305129431, 6738573.221240933984518 ], [ 555143.496376870316453, 6738582.20901267323643 ], [ 555148.822463826742023, 6738592.195425716228783 ], [ 555161.139039913308807, 6738583.207653976976871 ], [ 555171.125452956533991, 6738573.554121368564665 ], [ 555181.777626869268715, 6738565.564990933984518 ], [ 555187.436594260390848, 6738560.238903977908194 ], [ 555190.099637738661841, 6738556.244338761083782 ], [ 555184.773550782236271, 6738551.251132238656282 ], [ 555177.783061651978642, 6738547.922327890992165 ], [ 555176.784420347656123, 6738540.931838761083782 ], [ 555181.444746434572153, 6738534.939990934915841 ], [ 555184.773550782236271, 6738525.952219196595252 ], [ 555186.770833390881307, 6738522.623414848931134 ], [ 555188.768115999526344, 6738513.968523544259369 ], [ 555189.433876869035885, 6738502.650588762015104 ], [ 555188.768115999526344, 6738501.319067022763193 ], [ 555176.451539912959561, 6738502.983469196595252 ] ] ] ] } },
{ "type": "Feature", "properties": { "id": 70 }, "geometry": { "type": "MultiPolygon", "coordinates": [ [ [ [ 555560.928442076197825, 6737488.031023574993014 ], [ 555551.274909467785619, 6737496.685914878733456 ], [ 555544.617300772340968, 6737499.348958357237279 ], [ 555547.613224685308523, 6737508.003849660977721 ], [ 555556.600996424094774, 6737514.661458356305957 ], [ 555562.592844250029884, 6737518.323143139481544 ], [ 555575.908061641035601, 6737514.661458356305957 ], [ 555582.565670336480252, 6737507.338088791817427 ], [ 555587.558876858092844, 6737500.680480096489191 ], [ 555592.884963814401999, 6737487.365262704901397 ], [ 555601.206974683795124, 6737479.70901270583272 ], [ 555609.861865987884812, 6737474.050045314244926 ], [ 555617.518115987651981, 6737466.726675748825073 ], [ 555621.179800770129077, 6737465.395154010504484 ], [ 555628.836050770012662, 6737465.395154010504484 ], [ 555635.493659465457313, 6737466.726675748825073 ], [ 555643.149909465224482, 6737460.734827923588455 ], [ 555654.467844247468747, 6737450.748414879664779 ], [ 555662.456974682048894, 6737444.423686619848013 ], [ 555665.45289859501645, 6737434.437273575924337 ], [ 555668.781702942796983, 6737428.112545315176249 ], [ 555669.780344247119501, 6737421.454936619848013 ], [ 555658.795289899571799, 6737414.131567055359483 ], [ 555649.807518160669133, 6737405.143795316107571 ], [ 555643.149909465224482, 6737409.471240968443453 ], [ 555636.492300769779831, 6737413.132925750687718 ], [ 555633.829257291508839, 6737423.119338793680072 ], [ 555628.503170335199684, 6737431.441349662840366 ], [ 555611.526268161716871, 6737442.759284446015954 ], [ 555599.875452944659628, 6737448.751132271252573 ], [ 555593.217844249214977, 6737451.414175749756396 ], [ 555588.557518162415363, 6737456.74026270583272 ], [ 555560.928442076197825, 6737488.031023574993014 ] ] ] ] } },
{ "type": "Feature", "properties": { "id": 71 }, "geometry": { "type": "MultiPolygon", "coordinates": [ [ [ [ 555536.461730120354332, 6737355.378170316107571 ], [ 555535.795969250844792, 6737361.869338794611394 ], [ 555532.467164903064258, 6737364.532382273115218 ], [ 555527.640398598858155, 6737366.696105098351836 ], [ 555524.478034468600526, 6737371.855751837603748 ], [ 555519.651268164278008, 6737375.517436619848013 ], [ 555512.827219251426868, 6737383.83944748993963 ], [ 555502.67436599091161, 6737389.664855098351836 ], [ 555500.344202947453596, 6737393.992300749756396 ], [ 555500.510643164860085, 6737400.317029010504484 ], [ 555505.00452903425321, 6737403.978713793680072 ], [ 555512.494338816730306, 6737400.982789880596101 ], [ 555521.482110555632971, 6737396.655344228260219 ], [ 555528.971920337993652, 6737393.659420315176249 ], [ 555535.296648598625325, 6737386.003170315176249 ], [ 555542.952898598508909, 6737379.012681185267866 ], [ 555548.278985554818064, 6737371.689311619848013 ], [ 555553.605072511243634, 6737367.195425750687718 ], [ 555560.096240989281796, 6737363.034420316107571 ], [ 555565.422327945707366, 6737362.202219229191542 ], [ 555570.914855119423009, 6737359.872056186199188 ], [ 555574.077219249797054, 6737357.3754529254511 ], [ 555575.242300771526061, 6737351.217164881527424 ], [ 555578.903985554003157, 6737346.390398577786982 ], [ 555579.403306206106208, 6737342.895154012367129 ], [ 555577.57246381486766, 6737335.904664882458746 ], [ 555576.07450185844209, 6737330.91145836096257 ], [ 555571.247735554235987, 6737328.747735534794629 ], [ 555567.752490989048965, 6737326.91689314134419 ], [ 555556.767436641501263, 6737329.579936619848013 ], [ 555555.435914902365766, 6737334.240262706764042 ], [ 555555.103034467552789, 6737341.230751836672425 ], [ 555548.112545337411575, 6737344.892436619848013 ], [ 555542.453577946173027, 6737341.563632272183895 ], [ 555536.128849685541354, 6737339.899230098351836 ], [ 555532.13428446825128, 6737345.558197489008307 ], [ 555529.804121424793266, 6737349.88564314134419 ], [ 555529.804121424793266, 6737349.88564314134419 ], [ 555536.461730120354332, 6737355.378170316107571 ] ] ] ] } },
{ "type": "Feature", "properties": { "id": 72 }, "geometry": { "type": "MultiPolygon", "coordinates": [ [ [ [ 555817.079936634283513, 6737285.972599662840366 ], [ 555832.392436633817852, 6737279.314990967512131 ], [ 555838.384284459752962, 6737274.654664880596101 ], [ 555835.721240981598385, 6737271.325860532931983 ], [ 555833.058197503327392, 6737269.328577924519777 ], [ 555827.732110547018237, 6737262.005208359099925 ], [ 555819.74298011243809, 6737258.676404011435807 ], [ 555812.419610547483899, 6737251.353034446015954 ], [ 555805.762001851922832, 6737246.692708360031247 ], [ 555800.435914895613678, 6737240.035099663771689 ], [ 555798.438632286968641, 6737231.380208360031247 ], [ 555792.446784461033531, 6737218.73075183853507 ], [ 555788.452219243743457, 6737203.418251839466393 ], [ 555787.120697504607961, 6737196.760643143206835 ], [ 555785.123414895962924, 6737184.111186622641981 ], [ 555783.126132287317887, 6737173.45901270955801 ], [ 555777.800045331008732, 6737169.464447491802275 ], [ 555771.808197505073622, 6737168.132925753481686 ], [ 555768.479393157293089, 6737174.124773578718305 ], [ 555767.813632287783548, 6737194.097599665634334 ], [ 555766.482110548764467, 6737213.404664882458746 ], [ 555773.805480113718659, 6737238.7035779254511 ], [ 555776.468523591873236, 6737246.692708360031247 ], [ 555793.112545330543071, 6737273.32314314134419 ], [ 555817.079936634283513, 6737285.972599662840366 ] ] ] ] } },
{ "type": "Feature", "properties": { "id": 73 }, "geometry": { "type": "MultiPolygon", "coordinates": [ [ [ [ 555575.852581568411551, 6737383.395606905221939 ], [ 555574.964900408987887, 6737387.390172122046351 ], [ 555563.868885916541331, 6737394.04778081830591 ], [ 555551.88519026467111, 6737400.705389513634145 ], [ 555534.131567076779902, 6737406.031476469710469 ], [ 555519.928668526466936, 6737414.464447484351695 ], [ 555515.934103309176862, 6737424.672780817374587 ], [ 555515.934103309176862, 6737429.998867773450911 ], [ 555526.586277221911587, 6737435.768795309588313 ], [ 555535.019248236203566, 6737431.774230091832578 ], [ 555543.008378670667298, 6737430.442708353511989 ], [ 555554.104393163113855, 6737428.667346034198999 ], [ 555558.986639539827593, 6737429.111186614260077 ], [ 555541.676856931648217, 6737440.207201106473804 ], [ 555536.794610554934479, 6737442.426404004916549 ], [ 555534.575407656491734, 6737451.747056178748608 ], [ 555520.8163496858906, 6737457.960824294015765 ], [ 555511.051856932463124, 6737460.180027193389833 ], [ 555497.736639541573822, 6737461.511548931710422 ], [ 555488.415987367858179, 6737467.281476467847824 ], [ 555489.303668527281843, 6737481.040534438565373 ], [ 555490.191349686705507, 6737487.698143133893609 ], [ 555490.635190266417339, 6737492.136548930779099 ], [ 555491.079030846129172, 6737497.906476466916502 ], [ 555493.742074324283749, 6737505.451766322366893 ], [ 555502.175045338575728, 6737502.344882263801992 ], [ 555514.158740990329534, 6737493.911911250092089 ], [ 555523.035552584333345, 6737482.372056177817285 ], [ 555529.249320700066164, 6737481.928215597756207 ], [ 555529.249320700066164, 6737481.040534438565373 ], [ 555533.243885917356238, 6737471.719882264733315 ], [ 555536.350769975222647, 6737465.506114149466157 ], [ 555541.233016351936385, 6737463.286911251023412 ], [ 555541.676856931648217, 6737463.286911251023412 ], [ 555550.997509105247445, 6737457.51698371488601 ], [ 555557.655117800808512, 6737457.51698371488601 ], [ 555566.088088814984076, 6737450.415534439496696 ], [ 555576.7402627277188, 6737445.977128642611206 ], [ 555583.397871423279867, 6737442.870244584977627 ], [ 555598.044610553304665, 6737432.218070671893656 ], [ 555607.809103306615725, 6737422.897418498061597 ], [ 555615.798233741195872, 6737409.582201107405126 ], [ 555618.905117799062282, 6737401.593070672824979 ], [ 555614.910552581772208, 6737395.379302556626499 ], [ 555605.146059828461148, 6737386.502490962855518 ], [ 555601.151494611171074, 6737383.839447485283017 ], [ 555598.932291712611914, 6737383.839447485283017 ], [ 555592.718523596879095, 6737378.957201108336449 ], [ 555575.852581568411551, 6737383.395606905221939 ] ] ] ] } },
{ "type": "Feature", "properties": { "id": 74 }, "geometry": { "type": "MultiPolygon", "coordinates": [ [ [ [ 557549.611639484879561, 6737551.611186607740819 ], [ 557554.493885861593299, 6737574.24705617222935 ], [ 557561.595335136749782, 6737584.455389505252242 ], [ 557568.696784411906265, 6737594.663722838275135 ], [ 557576.24207426677458, 6737599.102128635160625 ], [ 557584.231204701354727, 6737596.439085156656802 ], [ 557595.771059773513116, 6737584.455389505252242 ], [ 557609.086277164402418, 6737569.364809795282781 ], [ 557612.637001801980659, 6737566.257925737649202 ], [ 557612.637001801980659, 6737555.605751824565232 ], [ 557626.396059772581793, 6737545.397418491542339 ], [ 557625.064538033562712, 6737554.718070665374398 ], [ 557629.059103250736371, 6737557.824954723007977 ], [ 557634.385190207161941, 6737557.824954723007977 ], [ 557651.694972815341316, 6737549.391983708366752 ], [ 557663.234827887499705, 6737542.290534433908761 ], [ 557677.881567017524503, 6737532.082201100885868 ], [ 557682.763813394238241, 6737532.082201100885868 ], [ 557687.202219191240147, 6737528.531476463191211 ], [ 557692.972146727261133, 6737520.986186607740819 ], [ 557681.876132234814577, 6737517.435461970977485 ], [ 557659.684103249921463, 6737517.879302550107241 ], [ 557638.379755424452014, 6737519.65466486942023 ], [ 557628.615262671140954, 6737524.536911245435476 ], [ 557610.861639483133331, 6737519.65466486942023 ], [ 557589.557291657663882, 6737523.649230086244643 ], [ 557572.691349629196338, 6737532.526041680015624 ], [ 557556.269248180324212, 6737541.846693853847682 ], [ 557548.723958325455897, 6737548.948143129236996 ], [ 557549.611639484879561, 6737551.611186607740819 ] ] ] ] } },
{ "type": "Feature", "properties": { "id": 74 }, "geometry": { "type": "MultiPolygon", "coordinates": [ [ [ [ 554604.285552610293962, 6738678.96625904366374 ], [ 554587.715504301595502, 6738689.618432955816388 ], [ 554587.419610581710003, 6738695.240413632243872 ], [ 554588.60318546090275, 6738702.637756627053022 ], [ 554595.112847296521068, 6738709.14741846267134 ], [ 554599.847146813292056, 6738711.514568220824003 ], [ 554605.173233769717626, 6738717.432442617602646 ], [ 554607.244489808334038, 6738720.391379815526307 ], [ 554615.825407682452351, 6738729.268191409297287 ], [ 554614.345939083490521, 6738732.818916046991944 ], [ 554610.203427006257698, 6738737.257321843877435 ], [ 554611.091108165681362, 6738746.430027157999575 ], [ 554622.926856957725249, 6738750.868432954885066 ], [ 554625.589900435879827, 6738744.358771119266748 ], [ 554631.803668551612645, 6738731.635341167449951 ], [ 554639.792798986192793, 6738725.421573052182794 ], [ 554641.272267585271038, 6738725.125679331831634 ], [ 554648.077823140658438, 6738723.646210732869804 ], [ 554648.965504299965687, 6738717.432442617602646 ], [ 554647.486035701003857, 6738715.657080298289657 ], [ 554641.272267585271038, 6738710.62688706163317 ], [ 554631.803668551612645, 6738704.117225226014853 ], [ 554623.814538117032498, 6738698.199350830167532 ], [ 554616.417195122106932, 6738693.465051313862205 ], [ 554610.795214445912279, 6738686.067708318121731 ], [ 554604.285552610293962, 6738678.96625904366374 ] ] ] ] } },
{ "type": "Feature", "properties": { "id": 75 }, "geometry": { "type": "MultiPolygon", "coordinates": [ [ [ [ 555735.783137122984044, 6738377.450558571144938 ], [ 555733.711881084367633, 6738372.420365334488451 ], [ 555733.711881084367633, 6738372.420365334488451 ], [ 555731.640625045751221, 6738378.338239730335772 ], [ 555731.640625045751221, 6738382.480751807801425 ], [ 555729.56936900713481, 6738388.694519923999906 ], [ 555726.906325528980233, 6738394.612394319847226 ], [ 555712.703426978667267, 6738399.346693836152554 ], [ 555710.928064659819938, 6738405.560461952351034 ], [ 555709.744489780627191, 6738415.620848425664008 ], [ 555704.714296544087119, 6738423.018191420473158 ], [ 555699.979997027199715, 6738424.201766299083829 ], [ 555691.103185433312319, 6738428.344278376549482 ], [ 555687.848354515503161, 6738436.33340881112963 ], [ 555695.245697510428727, 6738444.02664552628994 ], [ 555700.86767818662338, 6738445.21022040490061 ], [ 555708.265021181665361, 6738444.02664552628994 ], [ 555714.774683017167263, 6738438.700558569282293 ], [ 555723.355600891401991, 6738431.303215574473143 ], [ 555731.640625045751221, 6738419.763360502198339 ], [ 555736.966712002176791, 6738413.253698666580021 ], [ 555742.884586398140527, 6738408.519399150274694 ], [ 555748.210673354566097, 6738404.080993353389204 ], [ 555747.618885914911516, 6738400.530268715694547 ], [ 555752.649079151568003, 6738391.949350841343403 ], [ 555755.903910069260746, 6738389.878094802610576 ], [ 555760.63820958614815, 6738381.593070648610592 ], [ 555761.821784465340897, 6738379.225920890457928 ], [ 555753.536760310875252, 6738376.562877411954105 ], [ 555742.588692678371444, 6738374.195727653801441 ], [ 555735.783137122984044, 6738377.450558571144938 ] ] ] ] } },
{ "type": "Feature", "properties": { "id": 76 }, "geometry": { "type": "MultiPolygon", "coordinates": [ [ [ [ 555107.008982549537905, 6737649.256114143878222 ], [ 555100.203426994150504, 6737645.705389506183565 ], [ 555084.521059844759293, 6737643.930027187801898 ], [ 555067.359224096406251, 6737638.603940230794251 ], [ 555064.992074338020757, 6737635.645003032870591 ], [ 555057.298837623209693, 6737630.318916076794267 ], [ 555043.391832792665809, 6737623.513360521756113 ], [ 555028.005359363160096, 6737615.820123806595802 ], [ 555020.608016368118115, 6737613.157080328091979 ], [ 555004.333861779188737, 6737617.595486124977469 ], [ 555000.487243421841413, 6737624.401041680946946 ], [ 555002.262605740572326, 6737627.951766318641603 ], [ 555011.139417334576137, 6737637.124471631832421 ], [ 555018.832654049387202, 6737643.042346027679741 ], [ 555033.035552599700168, 6737649.552007863298059 ], [ 555049.309707188629545, 6737656.061669698916376 ], [ 555062.920818299404345, 6737659.020606896840036 ], [ 555071.205842453869991, 6737664.642587573267519 ], [ 555079.786760327988304, 6737670.264568249695003 ], [ 555087.479997042799369, 6737679.73316728323698 ], [ 555099.611639554495923, 6737685.355147959664464 ], [ 555104.64183279115241, 6737687.722297717817128 ], [ 555115.294006703887135, 6737687.130510278046131 ], [ 555120.324199940543622, 6737686.242829118855298 ], [ 555132.751736172125675, 6737682.396210761740804 ], [ 555145.179272403591312, 6737674.99886776600033 ], [ 555143.403910084860399, 6737664.642587573267519 ], [ 555158.790383514366113, 6737661.683650375343859 ], [ 555170.034344866755418, 6737659.316500617191195 ], [ 555178.91115646075923, 6737650.143795303069055 ], [ 555181.870093658799306, 6737649.552007863298059 ], [ 555200.80729172588326, 6737648.072539264336228 ], [ 555220.336277232621796, 6737643.634133467450738 ], [ 555222.111639551469125, 6737640.379302550107241 ], [ 555227.141832788009197, 6737632.390172115527093 ], [ 555230.396663705818355, 6737619.962635884061456 ], [ 555226.254151628701948, 6737610.198143130168319 ], [ 555218.560914913890883, 6737606.055631052702665 ], [ 555213.826615397119895, 6737604.576162453740835 ], [ 555205.837484962539747, 6737601.913118976168334 ], [ 555201.399079165537842, 6737612.861186608672142 ], [ 555196.960673368535936, 6737621.442104483023286 ], [ 555191.0427989725722, 6737622.921573081985116 ], [ 555187.492074334993958, 6737617.003698686137795 ], [ 555182.461881098337471, 6737608.718674531206489 ], [ 555176.248112982604653, 6737604.280268734320998 ], [ 555172.697388345026411, 6737605.167949893511832 ], [ 555162.045214432175271, 6737606.647418492473662 ], [ 555150.801253079785965, 6737602.800800135359168 ], [ 555143.699803804629482, 6737596.587032019160688 ], [ 555136.302460809703916, 6737593.628094821237028 ], [ 555129.496905254316516, 6737597.178819458931684 ], [ 555131.864055012702011, 6737601.025437816977501 ], [ 555140.444972886820324, 6737606.055631052702665 ], [ 555140.740866606705822, 6737609.902249410748482 ], [ 555131.272267573047429, 6737617.003698686137795 ], [ 555123.874924578121863, 6737618.779061004519463 ], [ 555114.110431824694388, 6737623.513360521756113 ], [ 555114.998112984118052, 6737631.50249095633626 ], [ 555117.069369022734463, 6737640.083408829756081 ], [ 555129.201011534431018, 6737647.184858105145395 ], [ 555131.568161292932928, 6737656.653457138687372 ], [ 555126.537968056276441, 6737659.316500617191195 ], [ 555124.170818297890946, 6737657.837032018229365 ], [ 555116.477581583079882, 6737653.102732500992715 ], [ 555107.008982549537905, 6737649.256114143878222 ] ] ] ] } },
{ "type": "Feature", "properties": { "id": 77 }, "geometry": { "type": "MultiPolygon", "coordinates": [ [ [ [ 556097.957050157478079, 6737096.82253927923739 ], [ 556091.447388321976177, 6737068.416742178611457 ], [ 556090.855600882321596, 6737062.498867782764137 ], [ 556087.896663684397936, 6737047.704181793145835 ], [ 556086.121301365550607, 6737038.235582759603858 ], [ 556084.345939046703279, 6737031.134133484214544 ], [ 556081.387001848779619, 6737027.583408846519887 ], [ 556075.469127452815883, 6737025.80804652813822 ], [ 556071.918402815237641, 6737024.624471648596227 ], [ 556060.082654023193754, 6737025.216259088367224 ], [ 556054.7565670668846, 6737030.542346044443548 ], [ 556054.164779627230018, 6737032.317708363756537 ], [ 556050.614054989651777, 6737041.194519957527518 ], [ 556046.471542912418954, 6737046.520606913603842 ], [ 556041.145455956109799, 6737051.254906430840492 ], [ 556021.616470449254848, 6737054.805631068535149 ], [ 556004.454634700901806, 6737048.295969232916832 ], [ 555984.333861754625104, 6737041.786307397298515 ], [ 555969.539175764657557, 6737042.969882275909185 ], [ 555947.051253059878945, 6737035.868433 ], [ 555925.746905234293081, 6737030.542346044443548 ], [ 555900.300045331590809, 6737019.8901721322909 ], [ 555882.546422143699601, 6737018.114809813909233 ], [ 555869.527098472462967, 6737016.339447494596243 ], [ 555866.568161274539307, 6737024.62447164952755 ], [ 555855.324199922150001, 6737026.991621407680213 ], [ 555855.324199922150001, 6737026.991621407680213 ], [ 555842.896663690567948, 6737022.84910933021456 ], [ 555825.734827942214906, 6737020.481959572061896 ], [ 555815.674441469018348, 6737018.114809813909233 ], [ 555797.92081828112714, 6737011.013360538519919 ], [ 555787.860431807930581, 6737008.646210780367255 ], [ 555783.717919730697758, 6737011.605147978290915 ], [ 555774.841108136693947, 6737014.564085176214576 ], [ 555769.515021180384792, 6737015.747660055756569 ], [ 555758.862847267533652, 6737013.380510296672583 ], [ 555735.191349683678709, 6737004.503698702901602 ], [ 555716.254151616478339, 6736995.626887109130621 ], [ 555693.766228911699727, 6736986.158288075588644 ], [ 555657.075407656608149, 6736975.506114162504673 ], [ 555647.015021183411591, 6736973.138964404352009 ], [ 555642.280721666640602, 6736979.05683880019933 ], [ 555638.729997028945945, 6736991.484375030733645 ], [ 555655.300045337760821, 6736998.585824306122959 ], [ 555675.420818284037523, 6737009.237998219206929 ], [ 555709.744489780860022, 6737018.706597252748907 ], [ 555720.396663693594746, 6737024.624471648596227 ], [ 555748.802460794337094, 6737041.194519957527518 ], [ 555764.188934223842807, 6737050.663118991069496 ], [ 555816.266228908556513, 6737062.498867782764137 ], [ 555842.304876250913367, 6737069.60031705815345 ], [ 555878.995697506004944, 6737089.721090004779398 ], [ 555899.116470452398062, 6737099.189689038321376 ], [ 555931.072992190718651, 6737114.576162467710674 ], [ 555959.478789291460998, 6737122.861186621710658 ], [ 555998.53676030493807, 6737146.532684206031263 ], [ 556011.556083976058289, 6737158.368432997725904 ], [ 556035.227581560029648, 6737169.020606910809875 ], [ 556107.425649191020057, 6737174.938481306657195 ], [ 556138.198596050147898, 6737176.122056186199188 ], [ 556151.217919721384533, 6737157.184858119115233 ], [ 556137.015021170955151, 6737135.880510292947292 ], [ 556126.362847258220427, 6737118.126887105405331 ], [ 556108.609224070329219, 6737107.47471319232136 ], [ 556097.957050157478079, 6737096.82253927923739 ] ], [ [ 556008.597146778134629, 6737105.699350874871016 ], [ 555983.150286875432357, 6737102.740413676947355 ], [ 555963.02951392903924, 6737094.455389522016048 ], [ 555947.051253059878945, 6737087.353940247558057 ], [ 555922.196180596714839, 6737083.8032156098634 ], [ 555910.360431804787368, 6737080.252490972168744 ], [ 555909.17685692559462, 6737075.518191454932094 ], [ 555914.50294388202019, 6737071.967466817237437 ], [ 555924.563330355100334, 6737069.008529619313776 ], [ 555949.41840281826444, 6737065.457804982550442 ], [ 555963.621301368693821, 6737071.375679378397763 ], [ 555968.947388325002976, 6737079.660703532397747 ], [ 555992.027098469436169, 6737087.353940247558057 ], [ 556006.821784459403716, 6737090.312877445481718 ], [ 556019.841108130523935, 6737096.230751841329038 ], [ 556021.024683009716682, 6737098.006114159710705 ], [ 556021.024683009716682, 6737102.148626237176359 ], [ 556008.597146778134629, 6737105.699350874871016 ] ], [ [ 556054.164779627113603, 6737129.370848460122943 ], [ 556066.592315858695656, 6737137.064085175283253 ], [ 556069.551253056619316, 6737143.57374701090157 ], [ 556067.775890737888403, 6737145.349109329283237 ], [ 556058.899079143884592, 6737148.308046527206898 ], [ 556047.06333035195712, 6737148.308046527206898 ], [ 556034.635794120375067, 6737143.57374701090157 ], [ 556027.534344845218584, 6737138.83944749366492 ], [ 556025.167195086716674, 6737136.472297735512257 ], [ 556028.12613228475675, 6737131.737998218275607 ], [ 556030.493282043142244, 6737126.411911262199283 ], [ 556054.164779627113603, 6737129.370848460122943 ] ], [ [ 555880.475166104850359, 6737055.98920595087111 ], [ 555891.719127457239665, 6737058.652249429374933 ], [ 555890.23965885816142, 6737063.978336385451257 ], [ 555886.097146781045012, 6737068.416742182336748 ], [ 555880.179272385081276, 6737067.233167302794755 ], [ 555872.486035670270212, 6737061.907080346718431 ], [ 555870.414779631653801, 6737057.172780830413103 ], [ 555870.414779631653801, 6737057.172780830413103 ], [ 555868.639417312922888, 6737062.202974066138268 ], [ 555880.475166104850359, 6737055.98920595087111 ] ] ] ] } },
{ "type": "Feature", "properties": { "id": 78 }, "geometry": { "type": "MultiPolygon", "coordinates": [ [ [ [ 556174.935779597726651, 6737703.847501082345843 ], [ 556183.812591191730462, 6737705.622863401658833 ], [ 556183.812591191730462, 6737705.622863401658833 ], [ 556189.138678148156032, 6737703.847501082345843 ], [ 556194.464765104465187, 6737696.746051807887852 ], [ 556210.443025973625481, 6737691.419964850880206 ], [ 556222.870562205207534, 6737686.093877894803882 ], [ 556229.972011480480433, 6737678.992428619414568 ], [ 556229.380224040825851, 6737667.748467267490923 ], [ 556225.237711963593028, 6737665.381317508406937 ], [ 556218.136262688436545, 6737663.60595519002527 ], [ 556211.626600852934644, 6737665.973104948177934 ], [ 556205.116939017316326, 6737671.29919190518558 ], [ 556189.138678148156032, 6737676.033491421490908 ], [ 556179.078291674959473, 6737682.543153257109225 ], [ 556174.935779597726651, 6737703.847501082345843 ] ] ] ] } },
{ "type": "Feature", "properties": { "id": 79 }, "geometry": { "type": "MultiPolygon", "coordinates": [ [ [ [ 556231.74737379909493, 6737647.627694321796298 ], [ 556247.72563466837164, 6737649.994844079948962 ], [ 556248.909209547564387, 6737649.403056640177965 ], [ 556252.459934185142629, 6737639.934457606635988 ], [ 556256.602446262259036, 6737629.874071133323014 ], [ 556258.377808581106365, 6737621.58904697932303 ], [ 556260.153170899837278, 6737610.936873066239059 ], [ 556267.846407614648342, 6737599.101124274544418 ], [ 556269.029982493841089, 6737584.89822572376579 ], [ 556263.703895537531935, 6737578.98035132791847 ], [ 556256.01065882272087, 6737582.531075965613127 ], [ 556254.235296503873542, 6737587.265375481918454 ], [ 556238.848823074367829, 6737593.775037317536771 ], [ 556234.706310997135006, 6737597.325761955231428 ], [ 556230.563798919902183, 6737608.569723308086395 ], [ 556230.563798919902183, 6737626.323346495628357 ], [ 556231.74737379909493, 6737647.627694321796298 ] ] ] ] } },
{ "type": "Feature", "properties": { "id": 80 }, "geometry": { "type": "MultiPolygon", "coordinates": [ [ [ [ 555807.435779606923461, 6737330.429626695811749 ], [ 555813.353654002887197, 6737336.939288531430066 ], [ 555824.005827915621921, 6737334.572138773277402 ], [ 555825.189402794814669, 6737325.103539739735425 ], [ 555824.005827915621921, 6737319.185665343888104 ], [ 555822.230465596891008, 6737310.308853749185801 ], [ 555822.230465596891008, 6737300.248467276804149 ], [ 555819.863315838505514, 6737286.045568726025522 ], [ 555818.087953519658186, 6737284.861993846483529 ], [ 555806.252204727730714, 6737279.535906890407205 ], [ 555790.273943858570419, 6737270.659095296636224 ], [ 555776.071045308141038, 6737262.965858581475914 ], [ 555768.969596032984555, 6737257.047984185628593 ], [ 555761.868146757828072, 6737244.620447954162955 ], [ 555757.133847241057083, 6737235.743636360391974 ], [ 555750.032397965784185, 6737216.80643829330802 ], [ 555732.278774777892977, 6737205.562476940453053 ], [ 555711.566214391961694, 6737199.052815104834735 ], [ 555694.996166083146818, 6737191.359578390605748 ], [ 555678.426117774331942, 6737194.910303027369082 ], [ 555684.935779609950259, 6737202.603539742529392 ], [ 555687.302929368335754, 6737204.378902061842382 ], [ 555693.22080376429949, 6737209.704989017918706 ], [ 555696.179740962339565, 6737213.847501095384359 ], [ 555702.689402797957882, 6737223.907887567766011 ], [ 555721.034813425503671, 6737239.886148436926305 ], [ 555728.728050140314735, 6737249.354747470468283 ], [ 555737.604861734202132, 6737257.047984185628593 ], [ 555761.868146757828072, 6737268.29194553848356 ], [ 555737.013074294663966, 6737266.51658321917057 ], [ 555710.974426952307113, 6737261.190496263094246 ], [ 555698.54689072072506, 6737257.63977162539959 ], [ 555681.976842412026599, 6737257.047984185628593 ], [ 555672.508243378368206, 6737267.108370658941567 ], [ 555671.324668499175459, 6737271.842670175246894 ], [ 555673.100030818022788, 6737277.760544572025537 ], [ 555677.242542895139195, 6737284.270206407643855 ], [ 555690.853654005913995, 6737281.311269208788872 ], [ 555700.914040479110554, 6737287.229143605567515 ], [ 555711.566214391961694, 6737293.147018001414835 ], [ 555709.790852073114365, 6737312.676003508269787 ], [ 555699.730465599917807, 6737316.818515584804118 ], [ 555692.037228885106742, 6737332.796776453964412 ], [ 555694.404378643608652, 6737339.306438289582729 ], [ 555720.44302598584909, 6737342.26537548750639 ], [ 555729.911625019507483, 6737340.490013169124722 ], [ 555737.013074294663966, 6737336.939288531430066 ], [ 555766.010658834944479, 6737335.755713651888072 ], [ 555767.786021153791808, 6737335.755713651888072 ], [ 555793.23288105649408, 6737340.490013169124722 ], [ 555807.435779606923461, 6737330.429626695811749 ] ] ] ] } },
{ "type": "Feature", "properties": { "id": 81 }, "geometry": { "type": "MultiPolygon", "coordinates": [ [ [ [ 553628.474427004461177, 6735955.70740451104939 ], [ 553636.759451158926822, 6735949.789530115202069 ], [ 553648.595199950854294, 6735940.320931081660092 ], [ 553652.145924588432536, 6735934.403056685812771 ], [ 553661.614523621974513, 6735923.750882772728801 ], [ 553680.551721689174883, 6735913.09870885964483 ], [ 553704.223219273146242, 6735908.364409343339503 ], [ 553713.691818306688219, 6735897.712235430255532 ], [ 553708.957518789917231, 6735891.794361034408212 ], [ 553700.672494635568, 6735874.04073784686625 ], [ 553688.836745843524113, 6735861.021414175629616 ], [ 553672.266697534825653, 6735843.267790987156332 ], [ 553659.247373863589019, 6735825.51416779961437 ], [ 553648.595199950854294, 6735819.596293403767049 ], [ 553621.372977729304694, 6735808.944119490683079 ], [ 553610.720803816569969, 6735797.108370698988438 ], [ 553602.435779662104324, 6735784.089047027751803 ], [ 553582.315006715827622, 6735771.069723356515169 ], [ 553566.928533286205493, 6735768.702573598362505 ], [ 553549.174910098314285, 6735803.026245094835758 ], [ 553546.807760339928791, 6735807.760544611141086 ], [ 553546.807760339928791, 6735808.944119490683079 ], [ 553556.276359373470768, 6735821.963443161919713 ], [ 553562.194233769434504, 6735846.818515624850988 ], [ 553562.194233769434504, 6735875.224312725476921 ], [ 553562.194233769434504, 6735875.224312725476921 ], [ 553581.131431836634874, 6735884.692911759018898 ], [ 553566.928533286205493, 6735891.794361034408212 ], [ 553566.928533286205493, 6735896.528660551644862 ], [ 553575.213557440671138, 6735917.83300837688148 ], [ 553589.416455990984105, 6735928.485182289965451 ], [ 553601.252204782911576, 6735935.586631564423442 ], [ 553628.474427004461177, 6735955.70740451104939 ] ] ] ] } },
{ "type": "Feature", "properties": { "id": 82 }, "geometry": { "type": "MultiPolygon", "coordinates": [ [ [ [ 553446.203895608196035, 6736043.291945573873818 ], [ 553462.773943917010911, 6736042.108370694331825 ], [ 553468.691818312974647, 6736038.557646056637168 ], [ 553468.691818312974647, 6736037.965858617797494 ], [ 553465.732881114934571, 6736032.639771660789847 ], [ 553458.039644400239922, 6736017.253298231400549 ], [ 553456.264282081392594, 6736014.886148473247886 ], [ 553448.571045366581529, 6736007.784699197858572 ], [ 553440.286021212232299, 6735994.173588086850941 ], [ 553434.368146816268563, 6735986.480351372621953 ], [ 553430.22563473903574, 6735975.236390019766986 ], [ 553426.674910101457499, 6735961.033491469919682 ], [ 553424.307760343072005, 6735952.156679876148701 ], [ 553417.206311067915522, 6735942.096293402835727 ], [ 553407.145924594718963, 6735933.81126924790442 ], [ 553403.595199957140721, 6735932.627694369293749 ], [ 553392.351238604751416, 6735929.668757171370089 ], [ 553390.575876286020502, 6735934.994844127446413 ], [ 553399.452687879907899, 6735966.951365865767002 ], [ 553404.778774836333469, 6735984.11320161446929 ], [ 553413.063798990682699, 6735998.316100164316595 ], [ 553417.798098507453687, 6736004.82576199993491 ], [ 553426.674910101457499, 6736017.845085671171546 ], [ 553428.450272420304827, 6736027.313684704713523 ], [ 553422.532398024341092, 6736033.823346540331841 ], [ 553428.450272420304827, 6736037.374071178026497 ], [ 553446.203895608196035, 6736043.291945573873818 ] ] ] ] } },
{ "type": "Feature", "properties": { "id": 83 }, "geometry": { "type": "MultiPolygon", "coordinates": [ [ [ [ 553535.267905268119648, 6736018.436873110942543 ], [ 553535.859692707657814, 6736005.417549439705908 ], [ 553536.155586427543312, 6736001.570931082591414 ], [ 553540.889885944314301, 6735998.611993884667754 ], [ 553542.961141982930712, 6735995.061269246973097 ], [ 553542.073460823507048, 6735991.214650888927281 ], [ 553541.185779664083384, 6735987.663926251232624 ], [ 553537.930948746274225, 6735982.929626734927297 ], [ 553533.788436669157818, 6735977.011752339079976 ], [ 553529.645924591924995, 6735969.910303063690662 ], [ 553525.503412514692172, 6735966.359578425996006 ], [ 553524.023943915730342, 6735964.584216107614338 ], [ 553518.697856959304772, 6735961.329385189339519 ], [ 553516.034813481150195, 6735965.471897266805172 ], [ 553516.626600920688361, 6735969.910303063690662 ], [ 553518.401963239535689, 6735973.461027701385319 ], [ 553521.952687877113931, 6735977.89943349827081 ], [ 553524.615731355268508, 6735981.746051855385303 ], [ 553524.911625075154006, 6735982.63373301550746 ], [ 553524.911625075154006, 6735986.184457652270794 ], [ 553524.615731355268508, 6735992.102332049049437 ], [ 553523.728050195961259, 6735997.724312724545598 ], [ 553522.840369036537595, 6736005.713443159125745 ], [ 553522.248581596883014, 6736009.560061517171562 ], [ 553520.177325558383018, 6736013.998467314057052 ], [ 553518.106069519766606, 6736018.140979390591383 ], [ 553517.218388360342942, 6736023.17117262724787 ], [ 553519.585538118728437, 6736030.568515622988343 ], [ 553519.881431838497519, 6736031.160303061828017 ], [ 553530.533605751348659, 6736033.527452820912004 ], [ 553532.900755509734154, 6736032.34387794137001 ], [ 553536.155586427543312, 6736029.680834462866187 ], [ 553536.155586427543312, 6736022.283491468057036 ], [ 553535.267905268119648, 6736018.436873110942543 ] ] ] ] } },
{ "type": "Feature", "properties": { "id": 84 }, "geometry": { "type": "MultiPolygon", "coordinates": [ [ [ [ 553098.824668564251624, 6736132.355955237522721 ], [ 553114.211141993757337, 6736133.539530117064714 ], [ 553114.802929433411919, 6736131.764167798683047 ], [ 553117.761866631335579, 6736119.33663156721741 ], [ 553115.394716872950085, 6736115.785906929522753 ], [ 553105.334330399753526, 6736099.807646060362458 ], [ 553096.45751880586613, 6736086.788322389125824 ], [ 553094.682156487018801, 6736078.503298234194517 ], [ 553088.172494651400484, 6736068.442911760881543 ], [ 553084.029982574284077, 6736064.300399684347212 ], [ 553077.52032073866576, 6736060.749675046652555 ], [ 553071.010658903047442, 6736060.157887606881559 ], [ 553062.133847309043631, 6736061.933249926194549 ], [ 553061.542059869505465, 6736067.259336882270873 ], [ 553062.725634748698212, 6736078.503298234194517 ], [ 553077.52032073866576, 6736091.522621905431151 ], [ 553084.621770013822243, 6736104.541945576667786 ], [ 553094.090369047480635, 6736118.744844127446413 ], [ 553098.824668564251624, 6736132.355955237522721 ] ] ] ] } },
{ "type": "Feature", "properties": { "id": 85 }, "geometry": { "type": "MultiPolygon", "coordinates": [ [ [ [ 553152.085538128041662, 6736103.950158137828112 ], [ 553165.696649238816462, 6736093.889771664515138 ], [ 553162.145924601238221, 6736086.788322389125824 ], [ 553155.636262765619904, 6736081.4622354330495 ], [ 553147.351238611270674, 6736075.544361037202179 ], [ 553140.841576775652356, 6736064.892187124118209 ], [ 553133.740127500495873, 6736056.607162970118225 ], [ 553127.230465664877556, 6736045.363201617263258 ], [ 553123.679741027299315, 6736035.302815143950284 ], [ 553115.394716872950085, 6736021.691704033873975 ], [ 553107.109692718600854, 6736013.998467318713665 ], [ 553097.641093684942462, 6736008.080592922866344 ], [ 553090.539644409785978, 6736004.529868285171688 ], [ 553085.213557453476824, 6736003.346293405629694 ], [ 553081.662832815782167, 6736004.529868285171688 ], [ 553082.846407694974914, 6736011.631317560561001 ], [ 553091.13143184944056, 6736024.058853792026639 ], [ 553101.191818322637118, 6736034.71102770511061 ], [ 553110.068629916524515, 6736054.240013211034238 ], [ 553123.679741027299315, 6736078.50329823512584 ], [ 553127.230465664877556, 6736087.380109828896821 ], [ 553140.249789336114191, 6736098.624071181751788 ], [ 553152.085538128041662, 6736103.950158137828112 ] ] ] ] } },
{ "type": "Feature", "properties": { "id": 86 }, "geometry": { "type": "MultiPolygon", "coordinates": [ [ [ [ 554055.153170955367386, 6735687.923588101752102 ], [ 554067.580707186949439, 6735673.128902112133801 ], [ 554068.764282066142187, 6735672.537114672362804 ], [ 554080.600030858069658, 6735676.087839310057461 ], [ 554090.068629891728051, 6735682.597501145675778 ], [ 554091.843992210458964, 6735673.720689551904798 ], [ 554094.211141968844458, 6735669.578177474439144 ], [ 554089.47684245207347, 6735664.25209051836282 ], [ 554083.558968056109734, 6735655.967066363431513 ], [ 554077.641093660145998, 6735647.682042209431529 ], [ 554069.356069505680352, 6735636.438080856576562 ], [ 554061.071045351331122, 6735626.377694384194911 ], [ 554053.969596076174639, 6735618.092670229263604 ], [ 554048.051721680210903, 6735606.848708877339959 ], [ 554041.542059844592586, 6735592.054022886790335 ], [ 554029.114523613010533, 6735577.85112433694303 ], [ 554022.604861777392216, 6735568.974312742240727 ], [ 554010.769112985464744, 6735554.771414192393422 ], [ 553996.566214435035363, 6735547.669964917004108 ], [ 553989.46476515987888, 6735547.669964917004108 ], [ 553984.138678203569725, 6735555.363201632164419 ], [ 553981.17974100552965, 6735561.872863467782736 ], [ 553986.50582796195522, 6735570.15788762178272 ], [ 553995.974426995497197, 6735580.810061534866691 ], [ 554001.892301391460933, 6735597.380109843797982 ], [ 554006.626600908231921, 6735608.03228375595063 ], [ 554013.136262743850239, 6735618.092670229263604 ], [ 554017.870562260621227, 6735633.479143658652902 ], [ 554027.33916129427962, 6735655.375278923660517 ], [ 554035.032398008974269, 6735671.945327232591808 ], [ 554055.153170955367386, 6735687.923588101752102 ] ] ] ] } },
{ "type": "Feature", "properties": { "id": 87 }, "geometry": { "type": "MultiPolygon", "coordinates": [ [ [ [ 553754.525151639594696, 6735898.00812915712595 ], [ 553769.319837629562244, 6735892.090254761278629 ], [ 553769.911625069216825, 6735891.498467321507633 ], [ 553772.278774827602319, 6735885.580592925660312 ], [ 553775.23771202552598, 6735882.029868287965655 ], [ 553772.278774827602319, 6735873.153056694194674 ], [ 553778.196649223566055, 6735867.235182298347354 ], [ 553777.604861783911474, 6735863.684457660652697 ], [ 553772.870562267140485, 6735855.39943350572139 ], [ 553761.62660091475118, 6735847.706196791492403 ], [ 553752.158001881209202, 6735837.054022878408432 ], [ 553751.566214441554621, 6735826.401848965324461 ], [ 553746.240127485245466, 6735816.933249931782484 ], [ 553742.097615408012643, 6735799.771414184011519 ], [ 553734.404378693201579, 6735784.384940754622221 ], [ 553725.527567099314183, 6735770.77382964361459 ], [ 553714.283605746924877, 6735763.672380368225276 ], [ 553707.182156471651979, 6735755.387356214225292 ], [ 553713.10003086773213, 6735750.653056696988642 ], [ 553706.590369032113813, 6735740.000882784835994 ], [ 553692.387470481684431, 6735730.532283750362694 ], [ 553684.102446327335201, 6735727.573346552439034 ], [ 553675.817422172985971, 6735728.165133992210031 ], [ 553674.633847293793224, 6735729.348708871752024 ], [ 553685.87780864618253, 6735760.713443170301616 ], [ 553695.346407679724507, 6735764.85595524776727 ], [ 553703.039644394535571, 6735788.527452831156552 ], [ 553705.406794152921066, 6735800.363201623782516 ], [ 553708.365731350961141, 6735811.60716297570616 ], [ 553725.527567099314183, 6735829.952573603019118 ], [ 553713.10003086773213, 6735833.503298240713775 ], [ 553705.406794152921066, 6735826.993636405095458 ], [ 553694.16283280053176, 6735819.892187130637467 ], [ 553684.694233766989782, 6735822.259336888790131 ], [ 553681.735296568949707, 6735824.626486646942794 ], [ 553682.327084008604288, 6735827.585423844866455 ], [ 553690.020320723298937, 6735833.503298240713775 ], [ 553716.05896806565579, 6735848.889771670103073 ], [ 553720.201480142888613, 6735848.297984231263399 ], [ 553726.119354538852349, 6735848.297984231263399 ], [ 553736.771528451587074, 6735862.500882781110704 ], [ 553734.404378693201579, 6735875.520206452347338 ], [ 553739.138678210088983, 6735880.254505969583988 ], [ 553743.281190287205391, 6735894.457404519431293 ], [ 553754.525151639594696, 6735898.00812915712595 ] ] ] ] } },
{ "type": "Feature", "properties": { "id": 88 }, "geometry": { "type": "MultiPolygon", "coordinates": [ [ [ [ 553886.789644389529712, 6735792.374071188271046 ], [ 553894.778774823993444, 6735783.941100175492465 ], [ 553894.778774823993444, 6735783.941100175492465 ], [ 553895.51850912347436, 6735783.053419015370309 ], [ 553895.074668543762527, 6735778.171172639355063 ], [ 553895.222615403705277, 6735776.247863460332155 ], [ 553893.299306225031614, 6735773.732766842469573 ], [ 553890.192422167165205, 6735771.365617083385587 ], [ 553887.529378689010628, 6735770.625882783904672 ], [ 553882.795079172239639, 6735768.702573605813086 ], [ 553879.392301394487731, 6735766.779264426790178 ], [ 553876.58131105650682, 6735763.080592929385602 ], [ 553871.551117819966748, 6735760.713443171232939 ], [ 553866.964765163022093, 6735757.60655911359936 ], [ 553863.70993424532935, 6735755.535303074866533 ], [ 553858.38384728890378, 6735754.499675055034459 ], [ 553854.833122651441954, 6735754.943515635095537 ], [ 553853.649547772249207, 6735756.570931093767285 ], [ 553850.690610574209131, 6735760.269602591171861 ], [ 553854.685175791499205, 6735767.962839306332171 ], [ 553858.679741008789279, 6735772.845085681416094 ], [ 553861.194837627117522, 6735774.472501140087843 ], [ 553864.449668544810265, 6735776.099916598759592 ], [ 553866.964765163138509, 6735777.431438338011503 ], [ 553871.551117819966748, 6735780.538322396576405 ], [ 553874.510055018006824, 6735782.609578434377909 ], [ 553879.392301394604146, 6735788.971293410286307 ], [ 553883.090972892008722, 6735790.598708868958056 ], [ 553886.789644389529712, 6735792.374071188271046 ] ] ] ] } },
{ "type": "Feature", "properties": { "id": 89 }, "geometry": { "type": "MultiPolygon", "coordinates": [ [ [ [ 553926.291455982369371, 6735771.661510802805424 ], [ 553928.066818301216699, 6735759.233974571339786 ], [ 553926.883243422023952, 6735759.825762011110783 ], [ 553922.740731344791129, 6735749.765375537797809 ], [ 553913.863919750903733, 6735727.869240272790194 ], [ 553905.578895596554503, 6735716.625278920866549 ], [ 553896.702084002667107, 6735713.074554283171892 ], [ 553890.192422167165205, 6735714.258129161782563 ], [ 553881.907398012815975, 6735713.666341722942889 ], [ 553875.397736177314073, 6735713.666341722942889 ], [ 553874.214161298121326, 6735718.992428679019213 ], [ 553877.173098496044986, 6735727.869240272790194 ], [ 553877.764885935699567, 6735729.644602591171861 ], [ 553885.458122650394216, 6735736.746051866561174 ], [ 553900.844596079899929, 6735745.622863460332155 ], [ 553908.537832794594578, 6735759.233974571339786 ], [ 553926.291455982369371, 6735771.661510802805424 ] ] ] ] } },
{ "type": "Feature", "properties": { "id": 90 }, "geometry": { "type": "MultiPolygon", "coordinates": [ [ [ [ 554150.874789308290929, 6735651.380713704973459 ], [ 554152.502204767195508, 6735652.712235443294048 ], [ 554161.822856940794736, 6735641.468274091370404 ], [ 554163.894112979294732, 6735633.627090516500175 ], [ 554164.042059839237481, 6735614.098105010576546 ], [ 554152.502204767195508, 6735609.363805493339896 ], [ 554147.176117810769938, 6735606.552815155126154 ], [ 554139.186987376306206, 6735606.108974575996399 ], [ 554137.559571917401627, 6735612.322742691263556 ], [ 554139.926721675787121, 6735620.755713705904782 ], [ 554143.477446313365363, 6735625.637960081920028 ], [ 554144.808968052384444, 6735634.218877956271172 ], [ 554141.702083994518034, 6735637.917549453675747 ], [ 554135.044475299073383, 6735635.402452835813165 ], [ 554132.529378680861555, 6735627.709216120652854 ], [ 554130.31017578241881, 6735618.240617087110877 ], [ 554126.611504284897819, 6735609.659699213691056 ], [ 554119.658001869684085, 6735601.374675058759749 ], [ 554114.923702352913097, 6735593.385544624179602 ], [ 554107.526359357987531, 6735588.059457668103278 ], [ 554100.129016363061965, 6735584.804626749828458 ], [ 554094.507035686983727, 6735582.881317571736872 ], [ 554090.660417329636402, 6735586.284095349721611 ], [ 554090.808364189462736, 6735590.870448006317019 ], [ 554094.211141967098229, 6735596.936269261874259 ], [ 554095.542663706233725, 6735602.558249938301742 ], [ 554098.649547764100134, 6735609.215858633629978 ], [ 554101.904378681909293, 6735615.133733029477298 ], [ 554107.526359357987531, 6735624.602332063019276 ], [ 554111.372977715334855, 6735632.739409357309341 ], [ 554112.11271201481577, 6735644.279264429584146 ], [ 554113.000393174239434, 6735651.0848199846223 ], [ 554116.255224092048593, 6735655.52322578150779 ], [ 554131.345803801668808, 6735657.890375540591776 ], [ 554132.233484961092472, 6735658.186269260011613 ], [ 554136.819837617920712, 6735665.435665395110846 ], [ 554142.145924574229866, 6735669.134336892515421 ], [ 554144.365127472789027, 6735669.282283752225339 ], [ 554148.655586409848183, 6735667.506921433843672 ], [ 554150.726842448348179, 6735661.589047037996352 ], [ 554150.874789308290929, 6735651.380713704973459 ] ] ] ] } },
{ "type": "Feature", "properties": { "id": 91 }, "geometry": { "type": "MultiPolygon", "coordinates": [ [ [ [ 556180.261866535525769, 6736170.970085672102869 ], [ 556187.955103250336833, 6736181.622259584255517 ], [ 556191.505827887915075, 6736191.090858617797494 ], [ 556199.79085204214789, 6736193.45800837688148 ], [ 556219.911624988424592, 6736177.479747507721186 ], [ 556228.788436582311988, 6736166.235786154866219 ], [ 556238.848823055392131, 6736157.950762 ], [ 556237.665248176199384, 6736140.197138813324273 ], [ 556244.766697451355867, 6736139.605351373553276 ], [ 556262.520320639130659, 6736137.829989054240286 ], [ 556272.580707112210803, 6736131.912114658392966 ], [ 556282.641093585290946, 6736123.035303064621985 ], [ 556291.517905179294758, 6736118.892790988087654 ], [ 556302.761866531567648, 6736115.933853789232671 ], [ 556313.414040444185957, 6736103.506317557767034 ], [ 556318.148339960956946, 6736094.629505963996053 ], [ 556321.107277158997022, 6736090.486993887461722 ], [ 556329.984088752884418, 6736085.752694370225072 ], [ 556333.534813390462659, 6736076.875882776454091 ], [ 556321.699064598535188, 6736068.590858621522784 ], [ 556311.638678125455044, 6736070.958008380606771 ], [ 556305.720803729491308, 6736072.141583259217441 ], [ 556296.843992135603912, 6736081.018394852988422 ], [ 556282.04930614575278, 6736098.18023060169071 ], [ 556271.397132233018056, 6736108.240617075003684 ], [ 556257.786021122359671, 6736117.709216108545661 ], [ 556244.174910011701286, 6736123.035303064621985 ], [ 556242.991335132508539, 6736123.035303064621985 ], [ 556223.462349625886418, 6736136.646414174698293 ], [ 556221.686987307155505, 6736137.829989054240286 ], [ 556216.952687790384516, 6736138.421776494011283 ], [ 556204.525151558918878, 6736140.788926252163947 ], [ 556203.341576679726131, 6736158.542549439705908 ], [ 556199.79085204214789, 6736167.419361034408212 ], [ 556186.179740931489505, 6736167.419361034408212 ], [ 556180.261866535525769, 6736170.970085672102869 ] ] ] ] } },
{ "type": "Feature", "properties": { "id": 92 }, "geometry": { "type": "MultiPolygon", "coordinates": [ [ [ [ 556631.203895506099798, 6737978.288926193490624 ], [ 556652.508243331569247, 6737968.228539721108973 ], [ 556673.812591156922281, 6737964.677815083414316 ], [ 556689.199064586311579, 6737959.35172812640667 ], [ 556721.155586324399337, 6737954.025641170330346 ], [ 556739.500996951828711, 6737933.90486822463572 ], [ 556748.969595985370688, 6737927.395206389017403 ], [ 556761.988919656374492, 6737923.844481751322746 ], [ 556763.172494535567239, 6737913.192307838238776 ], [ 556754.887470381334424, 6737898.397621848620474 ], [ 556734.766697435057722, 6737911.416945519857109 ], [ 556723.522736082784832, 6737917.334819915704429 ], [ 556699.851238499046303, 6737930.354143586941063 ], [ 556674.404378596460447, 6737941.006317499093711 ], [ 556651.916455891914666, 6737943.965254697017372 ], [ 556640.672494539641775, 6737949.291341654025018 ], [ 556617.592784395441413, 6737963.494240203872323 ], [ 556599.839161207666621, 6737968.820327159948647 ], [ 556593.921286811702885, 6737972.371051797643304 ], [ 556588.003412415739149, 6737974.738201555795968 ], [ 556592.737711932510138, 6737978.880713633261621 ], [ 556596.288436570088379, 6737980.064288512803614 ], [ 556631.203895506099798, 6737978.288926193490624 ] ] ] ] } },
{ "type": "Feature", "properties": { "id": 93 }, "geometry": { "type": "MultiPolygon", "coordinates": [ [ [ [ 553965.793267574976198, 6735698.723708877339959 ], [ 553975.853654047939926, 6735699.907283757813275 ], [ 553972.894716850016266, 6735698.723708878271282 ], [ 553972.302929410361685, 6735698.723708878271282 ], [ 553962.834330376936123, 6735695.764771680347621 ], [ 553960.467180618550628, 6735688.071534965187311 ], [ 553956.916455980972387, 6735677.419361053034663 ], [ 553946.856069507892244, 6735667.950762019492686 ], [ 553937.387470474350266, 6735660.849312744103372 ], [ 553937.387470474350266, 6735651.380713710561395 ], [ 553940.938195111928508, 6735645.462839314714074 ], [ 553951.590369024546817, 6735640.13675235863775 ], [ 553953.957518782932311, 6735636.586027720943093 ], [ 553959.283605739357881, 6735622.974916609935462 ], [ 553959.875393178896047, 6735612.914530136622488 ], [ 553955.141093662125058, 6735606.404868301935494 ], [ 553948.039644387084991, 6735602.854143664240837 ], [ 553941.529982551466674, 6735603.445931104011834 ], [ 553934.428533276426606, 6735609.955592938698828 ], [ 553937.387470474350266, 6735624.158491489477456 ], [ 553928.51065888046287, 6735637.17781516071409 ], [ 553919.633847286575474, 6735627.709216127172112 ], [ 553906.614523615455255, 6735612.322742697782815 ], [ 553894.778774823527783, 6735604.629505982622504 ], [ 553889.452687867218629, 6735595.752694388851523 ], [ 553881.75945115252398, 6735579.774433519691229 ], [ 553870.515489800251089, 6735567.938684727996588 ], [ 553861.638678206363693, 6735552.55221129860729 ], [ 553853.945441491552629, 6735545.450762023217976 ], [ 553843.293267578934319, 6735539.532887627370656 ], [ 553831.457518787006848, 6735535.390375549905002 ], [ 553821.397132313926704, 6735530.064288593828678 ], [ 553814.887470478424802, 6735526.513563956134021 ], [ 553808.377808642806485, 6735516.453177482821047 ], [ 553797.725634730188176, 6735506.98457844927907 ], [ 553785.889885938260704, 6735498.699554295279086 ], [ 553777.604861783911474, 6735491.598105019889772 ], [ 553762.810175794060342, 6735480.354143667966127 ], [ 553743.281190287554637, 6735477.986993908882141 ], [ 553743.281190287554637, 6735489.822742700576782 ], [ 553753.933364200172946, 6735500.474916613660753 ], [ 553756.30051395855844, 6735502.842066371813416 ], [ 553766.952687871293165, 6735515.861390043050051 ], [ 553774.054137146333233, 6735522.962839318439364 ], [ 553788.848823136184365, 6735539.532887626439333 ], [ 553794.174910092609935, 6735549.593274099752307 ], [ 553816.662832797155716, 6735557.878298254683614 ], [ 553820.805344874272123, 6735562.612597770988941 ], [ 553836.191818303777836, 6735570.897621924988925 ], [ 553843.293267578934319, 6735578.590858640149236 ], [ 553852.170079172821715, 6735584.508733035996556 ], [ 553865.7811902834801, 6735598.711631585843861 ], [ 553873.474426998174749, 6735615.873467334546149 ], [ 553877.025151635869406, 6735626.525641246698797 ], [ 553881.167663712985814, 6735631.851728203706443 ], [ 553887.677325548487715, 6735641.912114676088095 ], [ 553898.921286900877021, 6735657.298588105477393 ], [ 553908.981673373957165, 6735673.868636414408684 ], [ 553923.776359363808297, 6735683.929022887721658 ], [ 553927.918871440924704, 6735698.723708877339959 ], [ 553940.346407672390342, 6735717.660906944423914 ], [ 553943.305344870430417, 6735735.414530131965876 ], [ 553959.875393179012462, 6735743.699554286897182 ], [ 553975.26186660840176, 6735740.740617088973522 ], [ 553982.955103323212825, 6735737.781679891049862 ], [ 553995.974426994216628, 6735730.680230615660548 ], [ 553990.648340037907474, 6735722.986993900500238 ], [ 553984.138678202405572, 6735714.701969746500254 ], [ 553973.486504289670847, 6735702.274433515034616 ], [ 553965.793267574976198, 6735698.723708877339959 ] ] ] ] } },
{ "type": "Feature", "properties": { "id": 94 }, "geometry": { "type": "MultiPolygon", "coordinates": [ [ [ [ 559305.491335031460039, 6734892.709216156043112 ], [ 559314.959934065002017, 6734906.912114704959095 ], [ 559327.979257736122236, 6734899.810665430501103 ], [ 559325.612107977736741, 6734890.342066396959126 ], [ 559318.510658702580258, 6734885.607766879722476 ], [ 559325.612107977736741, 6734867.854143692180514 ], [ 559332.713557252893224, 6734859.56911953818053 ], [ 559326.795682856929488, 6734848.91694562509656 ], [ 559325.612107977736741, 6734840.631921471096575 ], [ 559313.77635918580927, 6734844.18264610785991 ], [ 559301.940610393998213, 6734859.56911953818053 ], [ 559292.472011360456236, 6734869.037718570791185 ], [ 559283.003412326914258, 6734884.424192001111805 ], [ 559273.534813293488696, 6734847.733370745554566 ], [ 559267.61693889752496, 6734833.530472195707262 ], [ 559251.046890588942915, 6734785.003902148455381 ], [ 559245.129016192979179, 6734737.660906981676817 ], [ 559246.312591072171926, 6734716.356559156440198 ], [ 559262.882639380753972, 6734699.786510847508907 ], [ 559271.167663535103202, 6734673.747863505035639 ], [ 559280.636262568645179, 6734659.544964955188334 ], [ 559294.83916111884173, 6734650.076365921646357 ], [ 559299.573460635612719, 6734629.955592975020409 ], [ 559296.022735998034477, 6734615.752694425173104 ], [ 559294.83916111884173, 6734595.631921478547156 ], [ 559292.472011360456236, 6734580.245448049157858 ], [ 559297.206310877227224, 6734564.85897461976856 ], [ 559306.674909910769202, 6734551.839650948531926 ], [ 559305.491335031576455, 6734543.554626794531941 ], [ 559297.206310877227224, 6734519.883129211142659 ], [ 559281.819837447721511, 6734499.762356264516711 ], [ 559280.636262568645179, 6734489.110182351432741 ], [ 559286.5541369644925, 6734461.887960130348802 ], [ 559297.206310877227224, 6734442.950762063264847 ], [ 559299.573460635612719, 6734426.380713755264878 ], [ 559290.104861602070741, 6734420.462839359417558 ], [ 559286.5541369644925, 6734428.747863513417542 ], [ 559285.370562085299753, 6734432.298588151112199 ], [ 559283.003412326914258, 6734445.317911822348833 ], [ 559269.984088655910455, 6734460.704385251738131 ], [ 559269.984088655910455, 6734492.660906989127398 ], [ 559279.452687689452432, 6734519.883129211142659 ], [ 559275.901963051757775, 6734567.226124378852546 ], [ 559274.718388172565028, 6734596.815496359020472 ], [ 559269.984088655910455, 6734621.670568821951747 ], [ 559260.515489622368477, 6734638.240617129951715 ], [ 559252.230465468019247, 6734650.076365922577679 ], [ 559241.578291555400938, 6734691.501486693508923 ], [ 559234.476842280244455, 6734697.419361089356244 ], [ 559233.293267401051708, 6734686.767187177203596 ], [ 559226.191818125895225, 6734664.279264472424984 ], [ 559222.641093488316983, 6734647.709216163493693 ], [ 559223.82466836750973, 6734629.955592975951731 ], [ 559228.558967884280719, 6734607.46767027117312 ], [ 559234.476842280244455, 6734576.694723412394524 ], [ 559236.843992038629949, 6734545.921776553615928 ], [ 559245.129016192979179, 6734523.433853848837316 ], [ 559251.0468905888265, 6734495.028056748211384 ], [ 559246.312591072055511, 6734486.7430325942114 ], [ 559241.578291555400938, 6734486.7430325942114 ], [ 559233.293267401051708, 6734505.680230661295354 ], [ 559228.558967884280719, 6734522.250278970226645 ], [ 559219.090368850738741, 6734555.390375587157905 ], [ 559208.438194938120432, 6734584.97974756732583 ], [ 559204.887470300542191, 6734601.549795875325799 ], [ 559211.988919575698674, 6734633.506317613646388 ], [ 559214.356069334084168, 6734670.197138868272305 ], [ 559215.539644213276915, 6734711.622259640134871 ], [ 559217.906793971545994, 6734734.110182344913483 ], [ 559227.375393005087972, 6734775.535303115844727 ], [ 559235.660417159437202, 6734802.757525337859988 ], [ 559243.945441313786432, 6734822.878298283554614 ], [ 559253.414040347211994, 6734841.815496350638568 ], [ 559264.066214259946719, 6734865.486993934027851 ], [ 559267.61693889752496, 6734889.158491518348455 ], [ 559278.26911281014327, 6734928.216462531127036 ], [ 559298.389885756419972, 6734919.931438377127051 ], [ 559297.206310877227224, 6734902.17781518958509 ], [ 559305.491335031460039, 6734892.709216156043112 ] ] ] ] } },
{ "type": "Feature", "properties": { "id": 95 }, "geometry": { "type": "MultiPolygon", "coordinates": [ [ [ [ 554338.61935451917816, 6738935.505109737627208 ], [ 554359.036021185223944, 6738934.617428578436375 ], [ 554359.923702344531193, 6738930.179022781550884 ], [ 554357.260658866376616, 6738924.85293582547456 ], [ 554349.271528431912884, 6738915.976124230772257 ], [ 554344.833122634910978, 6738908.874674956314266 ], [ 554327.079499447136186, 6738892.896414087153971 ], [ 554317.315006693825126, 6738878.693515536375344 ], [ 554304.887470462359488, 6738866.265979304909706 ], [ 554294.235296549624763, 6738853.838443073444068 ], [ 554288.021528433891945, 6738839.635544523596764 ], [ 554274.706311043002643, 6738819.218877857550979 ], [ 554258.728050173958763, 6738808.566703944467008 ], [ 554249.851238580071367, 6738806.791341626085341 ], [ 554250.738919739495032, 6738810.342066263779998 ], [ 554254.289644377073273, 6738819.218877857550979 ], [ 554256.065006695804186, 6738829.871051770634949 ], [ 554263.166455970960669, 6738837.860182205215096 ], [ 554274.706311043002643, 6738850.287718436680734 ], [ 554272.043267564848065, 6738860.052211189642549 ], [ 554263.166455970960669, 6738855.613805392757058 ], [ 554244.525151623762213, 6738852.950761914253235 ], [ 554227.659209595294669, 6738849.400037276558578 ], [ 554217.007035682559945, 6738848.512356117367744 ], [ 554211.68094872625079, 6738849.400037276558578 ], [ 554209.017905248096213, 6738853.838443073444068 ], [ 554213.456311045098118, 6738865.378298145718873 ], [ 554230.322253073449247, 6738878.693515536375344 ], [ 554252.514282058225945, 6738879.5811966964975 ], [ 554271.155586405424401, 6738882.244240174070001 ], [ 554297.786021187203005, 6738888.458008290268481 ], [ 554311.101238578092307, 6738896.447138724848628 ], [ 554319.090369012556039, 6738912.425399594008923 ], [ 554328.854861765867099, 6738931.066703940741718 ], [ 554338.61935451917816, 6738935.505109737627208 ] ] ] ] } },
{ "type": "Feature", "properties": { "id": 96 }, "geometry": { "type": "MultiPolygon", "coordinates": [ [ [ [ 555579.597615347942337, 6738277.289530047215521 ], [ 555582.260658825864084, 6738264.418153235688806 ], [ 555581.37297766644042, 6738257.316703960299492 ], [ 555576.046890710131265, 6738246.664530047215521 ], [ 555560.068629841087386, 6738220.921776425093412 ], [ 555549.416455928352661, 6738194.29134164378047 ], [ 555546.753412450198084, 6738180.088443093001842 ], [ 555542.315006653196178, 6738160.559457586146891 ], [ 555536.988919696887024, 6738153.4580083116889 ], [ 555534.325876218732446, 6738134.816703964024782 ], [ 555540.539644334465265, 6738125.939892370253801 ], [ 555529.887470421730541, 6738126.827573529444635 ], [ 555521.010658827843145, 6738109.961631501093507 ], [ 555514.796890712110326, 6738104.635544545017183 ], [ 555517.459934190264903, 6738094.871051792055368 ], [ 555519.235296509112231, 6738090.432645994238555 ], [ 555529.887470421730541, 6738089.544964835047722 ], [ 555536.10123853746336, 6738073.566703965887427 ], [ 555521.010658827843145, 6738068.240617009811103 ], [ 555520.12297766841948, 6738068.240617009811103 ], [ 555513.021528393379413, 6738070.015979329124093 ], [ 555505.032397958799265, 6738068.240617009811103 ], [ 555495.267905205488205, 6738056.700761937536299 ], [ 555497.043267524335533, 6738052.262356140650809 ], [ 555505.032397958799265, 6738045.160906866192818 ], [ 555505.92007911822293, 6738034.508732953108847 ], [ 555505.92007911822293, 6738022.081196721643209 ], [ 555505.92007911822293, 6738018.530472083948553 ], [ 555502.369354480644688, 6738004.327573534101248 ], [ 555497.930948683642782, 6737993.675399621017277 ], [ 555496.155586364911869, 6737985.68626918643713 ], [ 555504.144716799375601, 6737967.932645998895168 ], [ 555503.257035640068352, 6737959.055834405124187 ], [ 555491.717180567909963, 6737937.751486579887569 ], [ 555479.289644336444326, 6737937.751486579887569 ], [ 555472.188195061404258, 6737944.85293585434556 ], [ 555464.199064626824111, 6737961.718877882696688 ], [ 555457.097615351667628, 6737946.62829817365855 ], [ 555436.680948685738258, 6737922.660906869918108 ], [ 555430.467180570005439, 6737919.110182232223451 ], [ 555426.028774773003533, 6737925.323950348421931 ], [ 555441.119354482623748, 6737939.526848898269236 ], [ 555449.108484917203896, 6737953.729747448116541 ], [ 555451.771528395358473, 6737959.943515564315021 ], [ 555451.771528395358473, 6737967.044964839704335 ], [ 555457.097615351667628, 6737984.798588027246296 ], [ 555470.41283274255693, 6737986.573950345627964 ], [ 555481.065006655291654, 6738006.102935852482915 ], [ 555481.065006655291654, 6738023.856559040024877 ], [ 555478.401963177137077, 6738038.059457590803504 ], [ 555465.974426945671439, 6738030.070327156223357 ], [ 555449.108484917203896, 6738020.305834403261542 ], [ 555424.25341245427262, 6738013.204385127872229 ], [ 555397.622977672494017, 6738009.653660490177572 ], [ 555378.98167332529556, 6738005.215254693292081 ], [ 555355.901963181095198, 6738006.990617011673748 ], [ 555346.137470427784137, 6738014.979747446253896 ], [ 555351.463557384209707, 6738029.182645997032523 ], [ 555371.880224050139077, 6738035.396414112299681 ], [ 555397.622977672494017, 6738033.621051793918014 ], [ 555411.825876222806983, 6738034.508732953108847 ], [ 555441.119354482623748, 6738032.73337063472718 ], [ 555453.546890714089386, 6738049.599312663078308 ], [ 555473.963557380135171, 6738068.240617009811103 ], [ 555481.952687814598903, 6738081.555834400467575 ], [ 555475.738919698866084, 6738095.758732951246202 ], [ 555473.963557380135171, 6738094.871051792055368 ], [ 555453.546890714089386, 6738086.881921357475221 ], [ 555441.119354482623748, 6738074.454385126009583 ], [ 555409.16283274453599, 6738069.128298169001937 ], [ 555380.757035644026473, 6738071.79134164750576 ], [ 555363.891093615675345, 6738079.780472082085907 ], [ 555352.351238543516956, 6738084.218877878971398 ], [ 555363.891093615675345, 6738099.309457588940859 ], [ 555370.104861731408164, 6738099.309457588940859 ], [ 555378.98167332529556, 6738095.758732951246202 ], [ 555392.296890716184862, 6738090.432645994238555 ], [ 555426.916455932427198, 6738092.208008313551545 ], [ 555449.108484917203896, 6738093.983370631933212 ], [ 555478.401963177369907, 6738110.849312661215663 ], [ 555497.487108104280196, 6738129.934457588009536 ], [ 555506.363919698167592, 6738147.244240196421742 ], [ 555513.465368973324075, 6738165.885544543154538 ], [ 555521.898339987499639, 6738188.965254687704146 ], [ 555531.218992161098868, 6738198.72974744066596 ], [ 555546.309571870835498, 6738224.916341642849147 ], [ 555558.293267522589304, 6738243.113805410452187 ], [ 555567.613919696188532, 6738259.979747438803315 ], [ 555579.597615347942337, 6738277.289530047215521 ] ] ] ] } },
{ "type": "Feature", "properties": { "id": 97 }, "geometry": { "type": "MultiPolygon", "coordinates": [ [ [ [ 556918.703345404472202, 6734691.631012575700879 ], [ 556931.038819174165837, 6734689.575100280344486 ], [ 556937.206556059070863, 6734691.631012575700879 ], [ 556946.458161386428401, 6734704.994442492723465 ], [ 556947.486117533873767, 6734722.469697 ], [ 556948.514073681319132, 6734733.77721462212503 ], [ 556953.653854418778792, 6734759.476118309423327 ], [ 556955.709766713669524, 6734758.448162161745131 ], [ 556960.849547451129183, 6734755.364293719641864 ], [ 556960.849547451129183, 6734745.084732244722545 ], [ 556960.849547451129183, 6734728.63743388466537 ], [ 556963.933415893581696, 6734710.134223230183125 ], [ 556967.017284336034209, 6734701.910574050620198 ], [ 556970.101152778486721, 6734699.854661755263805 ], [ 556971.129108925932087, 6734699.854661755263805 ], [ 556993.744144170545042, 6734699.854661755263805 ], [ 557010.191442530136555, 6734695.742837165482342 ], [ 557009.16348638269119, 6734687.519187985919416 ], [ 557007.107574087684043, 6734678.267582658678293 ], [ 557007.107574087684043, 6734669.015977331437171 ], [ 557008.135530235245824, 6734657.708459708839655 ], [ 557010.191442530136555, 6734648.456854381598532 ], [ 557016.359179415041581, 6734638.177292906679213 ], [ 557017.387135562486947, 6734627.897731431759894 ], [ 557016.359179415041581, 6734620.702038399875164 ], [ 557014.303267120150849, 6734606.310652335174382 ], [ 557013.275310972589068, 6734596.031090860255063 ], [ 557013.275310972589068, 6734578.555836352519691 ], [ 557023.554872447391972, 6734569.304231025278568 ], [ 557033.834433922194876, 6734561.080581845715642 ], [ 557042.058083102107048, 6734547.717151928693056 ], [ 557043.086039249552414, 6734538.465546601451933 ], [ 557045.141951544559561, 6734523.046204389072955 ], [ 557041.030126954545267, 6734510.710730618797243 ], [ 557030.750565479742363, 6734504.542993734590709 ], [ 557024.582828594953753, 6734505.570949881337583 ], [ 557017.387135562486947, 6734536.409634306095541 ], [ 557004.023705645347945, 6734561.080581845715642 ], [ 556983.464582695742138, 6734573.416055615060031 ], [ 556945.43020523886662, 6734618.646126104518771 ], [ 556916.647433109465055, 6734628.92568757943809 ], [ 556900.200134749757126, 6734638.177292906679213 ], [ 556888.892617127508856, 6734635.093424464575946 ], [ 556887.864660980063491, 6734642.289117496460676 ], [ 556893.004441717406735, 6734650.512766676954925 ], [ 556895.060354012413882, 6734670.043933478184044 ], [ 556893.004441717406735, 6734694.714881017804146 ], [ 556896.088310159859248, 6734714.246047819964588 ], [ 556906.367871634662151, 6734743.028819949366152 ], [ 556925.899038436822593, 6734756.392249867320061 ], [ 556927.954950731713325, 6734740.972907654941082 ], [ 556919.731301551917568, 6734731.721302327699959 ], [ 556911.507652372005396, 6734714.246047819964588 ], [ 556911.507652372005396, 6734702.938530198298395 ], [ 556918.703345404472202, 6734691.631012575700879 ] ] ] ] } },
{ "type": "Feature", "properties": { "id": 98 }, "geometry": { "type": "MultiPolygon", "coordinates": [ [ [ [ 555435.36262458958663, 6737767.275805837474763 ], [ 555422.513172746053897, 6737776.013433091342449 ], [ 555417.88737008231692, 6737785.779016491957009 ], [ 555425.083063114783727, 6737792.460731450468302 ], [ 555434.848646515863948, 6737789.890841081738472 ], [ 555448.212076433119364, 6737781.153213828802109 ], [ 555450.781966801849194, 6737778.583323460072279 ], [ 555456.435725612915121, 6737779.097301533445716 ], [ 555469.285177456447855, 6737779.611279606819153 ], [ 555481.620651226257905, 6737780.125257681123912 ], [ 555494.470103069790639, 6737779.611279606819153 ], [ 555502.179774175980128, 6737777.041389238089323 ], [ 555509.889445282053202, 6737767.275805837474763 ], [ 555518.113094461965375, 6737762.650003173388541 ], [ 555527.878677863045596, 6737757.510222435928881 ], [ 555534.560392821673304, 6737751.856463625095785 ], [ 555538.672217411571182, 6737748.258617108687758 ], [ 555541.756085854023695, 6737744.146792518906295 ], [ 555544.325976222753525, 6737738.493033708073199 ], [ 555548.437800812651403, 6737724.615625716745853 ], [ 555546.381888517644256, 6737719.989823053590953 ], [ 555533.532436674111523, 6737717.93391075823456 ], [ 555522.738897125585936, 6737725.64358186442405 ], [ 555512.459335650783032, 6737734.895187191665173 ], [ 555505.263642618432641, 6737741.576902150176466 ], [ 555498.067949585965835, 6737748.258617108687758 ], [ 555493.442146922345273, 6737757.510222435928881 ], [ 555474.938936267630197, 6737757.510222435928881 ], [ 555459.519594055367634, 6737758.538178583607078 ], [ 555451.295944875571877, 6737758.024200510233641 ], [ 555434.334668442141265, 6737755.968288214877248 ], [ 555435.36262458958663, 6737767.275805837474763 ] ] ] ] } },
{ "type": "Feature", "properties": { "id": 99 }, "geometry": { "type": "MultiPolygon", "coordinates": [ [ [ [ 555404.009962091571651, 6737797.600512188859284 ], [ 555379.852992625674233, 6737797.086534115485847 ], [ 555379.852992625674233, 6737797.086534115485847 ], [ 555376.76912418322172, 6737797.600512188859284 ], [ 555369.059453077148646, 6737799.656424484215677 ], [ 555356.723979307338595, 6737801.19835870526731 ], [ 555353.640110864886083, 6737803.25427099969238 ], [ 555348.500330127426423, 6737805.82416136842221 ], [ 555345.41646168497391, 6737807.366095590405166 ], [ 555340.276680947630666, 6737812.505876327864826 ], [ 555327.941207177820615, 6737816.103722843341529 ], [ 555326.399272956652567, 6737816.617700917646289 ], [ 555316.633689555455931, 6737819.701569359749556 ], [ 555306.86810615437571, 6737824.327372023835778 ], [ 555286.308983204769902, 6737832.551021203398705 ], [ 555273.973509434959851, 6737834.092955424450338 ], [ 555262.665991812711582, 6737834.092955424450338 ], [ 555252.900408411631361, 6737834.606933498755097 ], [ 555234.911175830638967, 6737841.802626530639827 ], [ 555226.173548577004112, 6737842.316604604013264 ], [ 555221.033767839660868, 6737845.400473047047853 ], [ 555216.921943249646574, 6737848.48434148915112 ], [ 555211.78216251230333, 6737855.166056447662413 ], [ 555209.2122721435735, 6737867.501530217938125 ], [ 555212.296140586026013, 6737873.155289028771222 ], [ 555223.603658208274283, 6737882.406894356012344 ], [ 555239.023000420536846, 6737876.753135545179248 ], [ 555252.900408411631361, 6737874.183245176449418 ], [ 555263.693947960156947, 6737870.585398660041392 ], [ 555271.403619066230021, 6737864.417661774903536 ], [ 555285.795005131047219, 6737858.249924890697002 ], [ 555303.270259638200514, 6737848.48434148915112 ], [ 555318.175623776740395, 6737843.85853882599622 ], [ 555331.025075620273128, 6737848.48434148915112 ], [ 555344.902483611251228, 6737852.082188005559146 ], [ 555349.014308201265521, 6737845.91445112042129 ], [ 555356.210001233615912, 6737837.176823867484927 ], [ 555361.349781970959157, 6737832.037043130025268 ], [ 555384.992773363133892, 6737824.327372023835778 ], [ 555401.954049796564505, 6737813.5338324746117 ], [ 555404.009962091571651, 6737797.600512188859284 ] ] ] ] } },
{ "type": "Feature", "properties": { "id": 100 }, "geometry": { "type": "MultiPolygon", "coordinates": [ [ [ [ 556864.221669590799138, 6737082.143033540807664 ], [ 556873.473274918156676, 6737062.097888664342463 ], [ 556872.445318770594895, 6737060.041976369917393 ], [ 556869.361450328142382, 6737058.500042147934437 ], [ 556858.053932705894113, 6737058.500042147934437 ], [ 556850.344261599821039, 6737060.041976369917393 ], [ 556832.869007092551328, 6737064.667779033072293 ], [ 556829.271160576376133, 6737075.975296655669808 ], [ 556806.142147258040495, 6737085.740880056284368 ], [ 556802.5443007418653, 6737092.422595014795661 ], [ 556782.49915586586576, 6737101.674200342968106 ], [ 556780.443243570975028, 6737106.813981080427766 ], [ 556789.180870824493468, 6737115.551608333364129 ], [ 556799.97441037313547, 6737113.495696038939059 ], [ 556805.628169184317812, 6737109.383871449157596 ], [ 556807.684081479208544, 6737100.64624419528991 ], [ 556829.271160576376133, 6737096.534419605508447 ], [ 556850.344261599821039, 6737091.908616941422224 ], [ 556864.221669590799138, 6737082.143033540807664 ] ] ] ] } },
{ "type": "Feature", "properties": { "id": 101 }, "geometry": { "type": "MultiPolygon", "coordinates": [ [ [ [ 554923.697452180320397, 6738393.301099656149745 ], [ 554908.792088041780517, 6738390.217231213115156 ], [ 554907.764131894335151, 6738389.703253139741719 ], [ 554907.764131894335151, 6738393.301099656149745 ], [ 554907.764131894335151, 6738401.010770761407912 ], [ 554909.306066115503199, 6738408.206463794223964 ], [ 554909.820044189225882, 6738409.234419941902161 ], [ 554917.529715295415372, 6738414.888178752735257 ], [ 554920.613583737867884, 6738419.51398141682148 ], [ 554925.753364475211129, 6738429.793542891740799 ], [ 554933.977013655123301, 6738440.073104365728796 ], [ 554939.630772466305643, 6738441.615038587711751 ], [ 554942.200662835035473, 6738432.363433260470629 ], [ 554943.742597056203522, 6738427.737630596384406 ], [ 554943.228618982480839, 6738419.00000334251672 ], [ 554935.004969802568667, 6738411.290332236327231 ], [ 554930.379167138948105, 6738407.178507646545768 ], [ 554924.21143025404308, 6738402.552704983390868 ], [ 554923.697452180320397, 6738393.301099656149745 ] ] ] ] } },
{ "type": "Feature", "properties": { "id": 102 }, "geometry": { "type": "MultiPolygon", "coordinates": [ [ [ [ 554460.60320773976855, 6735459.000276671722531 ], [ 554467.798900772118941, 6735455.916408228687942 ], [ 554454.435470854863524, 6735450.776627491228282 ], [ 554441.072040937608108, 6735446.664802901446819 ], [ 554429.764523315243423, 6735441.52502216398716 ], [ 554417.429049545549788, 6735437.413197574205697 ], [ 554393.786058153375052, 6735431.245460689067841 ], [ 554383.506496678572148, 6735425.077723803929985 ], [ 554378.366715941112489, 6735412.742250034585595 ], [ 554375.282847498659976, 6735401.43473241198808 ], [ 554365.003286023857072, 6735388.071302494965494 ], [ 554356.779636844061315, 6735383.959477904252708 ], [ 554351.639856106601655, 6735380.875609462149441 ], [ 554346.500075369141996, 6735373.679916430264711 ], [ 554343.416206926805899, 6735362.372398807667196 ], [ 554343.416206926805899, 6735356.20466192252934 ], [ 554343.416206926805899, 6735341.813275857828557 ], [ 554339.304382336791605, 6735326.393933645449579 ], [ 554339.304382336791605, 6735322.282109055668116 ], [ 554339.304382336791605, 6735314.058459876105189 ], [ 554339.304382336791605, 6735305.83481069561094 ], [ 554338.276426189346239, 6735303.77889840118587 ], [ 554334.164601599448361, 6735298.639117663726211 ], [ 554330.052777009434067, 6735294.527293073944747 ], [ 554324.912996272090822, 6735289.387512336485088 ], [ 554319.773215534631163, 6735280.135907009243965 ], [ 554315.661390944733284, 6735273.968170124106109 ], [ 554309.493654059828259, 6735265.744520944543183 ], [ 554301.270004879916087, 6735253.409047174267471 ], [ 554297.158180290018208, 6735248.269266436807811 ], [ 554294.074311847565696, 6735239.017661109566689 ], [ 554293.04635570012033, 6735230.794011930003762 ], [ 554290.990443405113183, 6735223.59831889718771 ], [ 554288.934531110222451, 6735217.430582012049854 ], [ 554285.850662667769939, 6735202.011239800602198 ], [ 554285.850662667769939, 6735202.011239800602198 ], [ 554285.850662667769939, 6735202.011239800602198 ], [ 554285.850662667769939, 6735195.843502915464342 ], [ 554286.878618815215304, 6735187.619853735901415 ], [ 554286.878618815215304, 6735185.563941440545022 ], [ 554286.878618815215304, 6735173.22846767026931 ], [ 554287.90657496266067, 6735159.865037753246725 ], [ 554287.90657496266067, 6735155.753213163465261 ], [ 554279.682925782864913, 6735142.389783246442676 ], [ 554276.599057340412401, 6735131.08226562384516 ], [ 554273.515188897959888, 6735124.914528738707304 ], [ 554262.207671275595203, 6735118.746791854500771 ], [ 554260.151758980704471, 6735117.718835706822574 ], [ 554256.039934390690178, 6735116.690879559144378 ], [ 554250.900153653346933, 6735118.746791854500771 ], [ 554248.844241358339787, 6735122.858616444282234 ], [ 554249.872197505785152, 6735133.138177919201553 ], [ 554251.928109800792299, 6735148.557520131580532 ], [ 554252.956065948237665, 6735161.920950048603117 ], [ 554252.956065948237665, 6735175.284379965625703 ], [ 554255.011978243244812, 6735195.843502915464342 ], [ 554261.179715128149837, 6735213.318757422268391 ], [ 554264.26358357060235, 6735240.045617257244885 ], [ 554273.515188897959888, 6735268.82838938664645 ], [ 554282.766794225317426, 6735290.415468484163284 ], [ 554287.90657496266067, 6735302.750942254438996 ], [ 554293.04635570012033, 6735318.170284465886652 ], [ 554296.130224142572843, 6735331.533714383840561 ], [ 554300.242048732470721, 6735343.86918815318495 ], [ 554312.577522502280772, 6735373.679916430264711 ], [ 554314.633434797287919, 6735379.847653315402567 ], [ 554320.801171682192944, 6735388.071302494965494 ], [ 554336.220513894455507, 6735406.574513149447739 ], [ 554337.248470041900873, 6735417.882030772045255 ], [ 554336.220513894455507, 6735428.161592246964574 ], [ 554344.444163074251264, 6735436.3852414265275 ], [ 554370.143066761316732, 6735454.888452081941068 ], [ 554381.450584383681417, 6735460.028232819400728 ], [ 554396.869926595827565, 6735468.251881998963654 ], [ 554404.065619628294371, 6735478.531443473882973 ], [ 554418.457005692995153, 6735493.950785686261952 ], [ 554425.652698725345545, 6735503.202391013503075 ], [ 554437.988172495155595, 6735517.593777078203857 ], [ 554454.435470854863524, 6735503.202391013503075 ], [ 554458.547295444877818, 6735496.006697980687022 ], [ 554465.742988477228209, 6735492.922829538583755 ], [ 554492.469848311739042, 6735496.006697980687022 ], [ 554507.889190524001606, 6735498.062610276043415 ], [ 554539.755831095972098, 6735505.258303307928145 ], [ 554541.811743390979245, 6735502.174434865824878 ], [ 554537.699918800964952, 6735486.755092653445899 ], [ 554534.616050358512439, 6735478.531443473882973 ], [ 554526.392401178716682, 6735472.363706588745117 ], [ 554508.917146671446972, 6735467.223925851285458 ], [ 554491.441892164293677, 6735473.391662736423314 ], [ 554479.106418394483626, 6735467.223925851285458 ], [ 554460.60320773976855, 6735459.000276671722531 ] ] ] ] } },
{ "type": "Feature", "properties": { "id": 103 }, "geometry": { "type": "MultiPolygon", "coordinates": [ [ [ [ 558376.088173502008431, 6734781.577175474725664 ], [ 558389.451603419263847, 6734792.884693097323179 ], [ 558391.507515714270994, 6734788.772868507541716 ], [ 558391.507515714270994, 6734788.772868507541716 ], [ 558393.563428009278141, 6734782.60513162240386 ], [ 558393.563428009278141, 6734776.437394737266004 ], [ 558397.675252599176019, 6734766.157833262346685 ], [ 558407.954814073978923, 6734748.682578755542636 ], [ 558408.982770221424289, 6734746.626666460186243 ], [ 558413.094594811438583, 6734735.31914883852005 ], [ 558416.178463253891096, 6734726.067543511278927 ], [ 558418.234375548781827, 6734716.815938183106482 ], [ 558419.262331696343608, 6734703.452508266083896 ], [ 558421.31824399123434, 6734689.061122201383114 ], [ 558421.31824399123434, 6734684.949297611601651 ], [ 558420.290287843788974, 6734673.641779989004135 ], [ 558423.374156286241487, 6734660.278350071981549 ], [ 558423.374156286241487, 6734647.94287630263716 ], [ 558425.430068581132218, 6734628.411709500476718 ], [ 558432.625761613599025, 6734615.04827958252281 ], [ 558433.65371776104439, 6734615.04827958252281 ], [ 558438.79349849850405, 6734608.880542698316276 ], [ 558438.79349849850405, 6734604.76871810760349 ], [ 558438.79349849850405, 6734603.740761960856616 ], [ 558440.849410793394782, 6734595.517112780362368 ], [ 558444.961235383409075, 6734584.209595158696175 ], [ 558448.045103825861588, 6734583.181639011017978 ], [ 558449.073059973306954, 6734583.181639011017978 ], [ 558450.10101612075232, 6734577.013902125880122 ], [ 558449.073059973306954, 6734568.790252946317196 ], [ 558448.045103825861588, 6734567.762296798638999 ], [ 558445.989191530854441, 6734565.706384503282607 ], [ 558442.905323088401929, 6734558.510691471397877 ], [ 558439.821454645949416, 6734545.147261554375291 ], [ 558435.709630056051537, 6734540.007480816915631 ], [ 558430.569849318591878, 6734530.755875488743186 ], [ 558430.569849318591878, 6734522.53222630918026 ], [ 558432.625761613599025, 6734508.140840244479477 ], [ 558430.569849318591878, 6734501.973103359341621 ], [ 558425.430068581132218, 6734490.665585737675428 ], [ 558425.430068581132218, 6734487.581717294640839 ], [ 558429.541893171146512, 6734476.274199672974646 ], [ 558433.65371776104439, 6734465.994638198055327 ], [ 558435.709630056051537, 6734461.882813608273864 ], [ 558435.709630056051537, 6734452.631208280101418 ], [ 558427.485980876139365, 6734441.323690658435225 ], [ 558420.290287843788974, 6734434.127997625619173 ], [ 558412.066638663876802, 6734430.01617303583771 ], [ 558406.926857926533557, 6734428.988216888159513 ], [ 558398.703208746621385, 6734430.01617303583771 ], [ 558392.53547186171636, 6734439.267778363078833 ], [ 558388.423647271818481, 6734453.659164427779615 ], [ 558389.451603419263847, 6734460.854857460595667 ], [ 558392.53547186171636, 6734471.134418935514987 ], [ 558396.647296451730654, 6734497.861278769560158 ], [ 558397.675252599176019, 6734499.917191064916551 ], [ 558411.038682516431436, 6734516.364489424042404 ], [ 558411.038682516431436, 6734529.727919341996312 ], [ 558399.731164894066751, 6734554.398866881616414 ], [ 558381.22795423946809, 6734557.48273532371968 ], [ 558377.116129649453796, 6734565.706384503282607 ], [ 558378.144085797015578, 6734580.097770567983389 ], [ 558392.53547186171636, 6734588.321419748477638 ], [ 558396.647296451730654, 6734608.880542698316276 ], [ 558392.53547186171636, 6734631.495577942579985 ], [ 558404.870945631526411, 6734681.865429169498384 ], [ 558401.787077189073898, 6734699.340683676302433 ], [ 558394.591384156723507, 6734712.704113593325019 ], [ 558391.507515714270994, 6734728.123455805703998 ], [ 558387.395691124373116, 6734752.794403345324099 ], [ 558376.088173502008431, 6734781.577175474725664 ] ] ] ] } },
{ "type": "Feature", "properties": { "id": 104 }, "geometry": { "type": "MultiPolygon", "coordinates": [ [ [ [ 558601.21056980069261, 6735465.168013551272452 ], [ 558617.65786816040054, 6735460.028232813812792 ], [ 558615.601955865393393, 6735453.860495928674936 ], [ 558607.378306685597636, 6735436.385241421870887 ], [ 558602.238525948137976, 6735428.161592241376638 ], [ 558586.819183735875413, 6735410.686337734572589 ], [ 558565.232104638824239, 6735390.127214784733951 ], [ 558550.840718574007042, 6735376.763784867711365 ], [ 558537.477288656751625, 6735364.428311097435653 ], [ 558535.421376361744478, 6735362.372398803010583 ], [ 558520.00203414959833, 6735344.897144295275211 ], [ 558504.582691937335767, 6735332.561670525930822 ], [ 558491.21926202008035, 6735318.17028446123004 ], [ 558482.995612840168178, 6735298.639117659069598 ], [ 558469.632182922912762, 6735282.191819299012423 ], [ 558460.380577595555224, 6735276.024082413874567 ], [ 558457.296709153102711, 6735280.135907004587352 ], [ 558454.212840710650198, 6735287.331600036472082 ], [ 558450.10101612075232, 6735300.695029953494668 ], [ 558454.212840710650198, 6735333.589626673609018 ], [ 558476.827875955263153, 6735340.785319705493748 ], [ 558487.107437430066057, 6735351.064881180413067 ], [ 558496.359042757423595, 6735366.484223392792046 ], [ 558512.806341117131524, 6735389.099258637055755 ], [ 558540.561157099204138, 6735408.630425439216197 ], [ 558557.008455458912067, 6735424.049767651595175 ], [ 558584.763271440984681, 6735445.63684674911201 ], [ 558601.21056980069261, 6735465.168013551272452 ] ] ] ] } },
{ "type": "Feature", "properties": { "id": 105 }, "geometry": { "type": "MultiPolygon", "coordinates": [ [ [ [ 560329.204853718518279, 6734334.416251325048506 ], [ 560326.120985276065767, 6734353.947418127208948 ], [ 560329.204853718518279, 6734352.919461979530752 ], [ 560334.344634455977939, 6734359.087198864668608 ], [ 560344.624195930780843, 6734356.003330421634018 ], [ 560344.624195930780843, 6734356.003330421634018 ], [ 560344.624195930780843, 6734337.500119767151773 ], [ 560344.624195930780843, 6734332.360339029692113 ], [ 560344.624195930780843, 6734316.940996817313135 ], [ 560346.680108225671574, 6734306.661435342393816 ], [ 560361.071494290488772, 6734275.822750918567181 ], [ 560389.854266420006752, 6734239.844285756349564 ], [ 560396.022003304911777, 6734232.648592724464834 ], [ 560413.497257812065072, 6734222.369031249545515 ], [ 560425.832731581875123, 6734214.145382069051266 ], [ 560429.944556171773002, 6734187.418522235006094 ], [ 560427.88864387688227, 6734169.943267727270722 ], [ 560430.972512319334783, 6734147.328232483007014 ], [ 560435.084336909232661, 6734130.880934122949839 ], [ 560437.140249204239808, 6734115.461591911502182 ], [ 560433.028424614225514, 6734099.014293551445007 ], [ 560417.609082402079366, 6734104.154074288904667 ], [ 560411.441345517174341, 6734110.321811174042523 ], [ 560397.049959452357143, 6734125.741153385490179 ], [ 560390.882222567452118, 6734134.992758713662624 ], [ 560378.546748797642067, 6734162.747574695385993 ], [ 560386.770397977554239, 6734187.418522235006094 ], [ 560390.882222567452118, 6734204.893776741810143 ], [ 560383.686529535101727, 6734223.396987396292388 ], [ 560375.462880355189554, 6734242.928154199384153 ], [ 560347.708064373233356, 6734286.1023123934865 ], [ 560329.204853718518279, 6734334.416251325048506 ] ] ] ] } },
{ "type": "Feature", "properties": { "id": 106 }, "geometry": { "type": "MultiPolygon", "coordinates": [ [ [ [ 561194.743929899064824, 6734598.600981226190925 ], [ 561206.051447521313094, 6734597.573025078512728 ], [ 561201.939622931415215, 6734589.349375898949802 ], [ 561197.827798341517337, 6734579.069814424030483 ], [ 561191.660061456612311, 6734573.930033686570823 ], [ 561186.520280719152652, 6734566.734340653754771 ], [ 561175.212763096904382, 6734560.566603769548237 ], [ 561159.793420884641819, 6734554.398866884410381 ], [ 561145.402034819824621, 6734551.314998442307115 ], [ 561141.290210229926743, 6734553.370910736732185 ], [ 561136.150429492467083, 6734558.510691474191844 ], [ 561136.150429492467083, 6734565.706384507007897 ], [ 561147.457947114831768, 6734569.81820909678936 ], [ 561194.743929899064824, 6734598.600981226190925 ] ] ] ] } },
{ "type": "Feature", "properties": { "id": 107 }, "geometry": { "type": "MultiPolygon", "coordinates": [ [ [ [ 561132.552582976175472, 6734530.241897421889007 ], [ 561142.832144450978376, 6734529.72791934851557 ], [ 561142.832144450978376, 6734523.046204390004277 ], [ 561141.290210229693912, 6734518.420401725918055 ], [ 561140.776232155971229, 6734512.766642915084958 ], [ 561137.692363713518716, 6734506.084927956573665 ], [ 561136.150429492350668, 6734502.487081440165639 ], [ 561128.954736459883861, 6734496.319344555027783 ], [ 561119.703131132642739, 6734488.095695375464857 ], [ 561114.563350395183079, 6734483.469892711378634 ], [ 561105.825723141548224, 6734476.274199679493904 ], [ 561098.11605203547515, 6734465.994638204574585 ], [ 561097.088095888029784, 6734461.368835540488362 ], [ 561095.54616166674532, 6734453.145186360925436 ], [ 561094.518205519299954, 6734452.11723021324724 ], [ 561088.350468634394929, 6734449.54733984451741 ], [ 561083.210687896935269, 6734457.770989024080336 ], [ 561083.210687896935269, 6734465.480660130269825 ], [ 561088.864446708117612, 6734478.844090048223734 ], [ 561093.490249371738173, 6734484.49784885905683 ], [ 561101.199920477927662, 6734492.721498038619757 ], [ 561107.367657362832688, 6734500.431169144809246 ], [ 561117.133240763912909, 6734505.570949882268906 ], [ 561124.842911869985983, 6734514.822555209510028 ], [ 561132.552582976175472, 6734530.241897421889007 ] ] ] ] } },
{ "type": "Feature", "properties": { "id": 108 }, "geometry": { "type": "MultiPolygon", "coordinates": [ [ [ [ 554016.012173953582533, 6735456.944364374503493 ], [ 554035.029362682020292, 6735452.318561710417271 ], [ 554035.029362682020292, 6735450.2626494159922 ], [ 554034.515384608297609, 6735441.525022162124515 ], [ 554032.97345038712956, 6735430.217504539526999 ], [ 554030.917538092122413, 6735417.36805269587785 ], [ 554030.40356001839973, 6735406.060535074211657 ], [ 554030.40356001839973, 6735394.753017451614141 ], [ 554030.917538092122413, 6735380.361631386913359 ], [ 554029.375603870954365, 6735369.568091838620603 ], [ 554029.375603870954365, 6735361.858420732431114 ], [ 554026.805713502224535, 6735356.204661920666695 ], [ 554023.721845059772022, 6735353.634771551936865 ], [ 554019.096042396035045, 6735353.634771551936865 ], [ 554016.526152027421631, 6735357.746596142649651 ], [ 554013.956261658691801, 6735367.51217954326421 ], [ 554013.956261658691801, 6735376.763784870505333 ], [ 554010.358415142516606, 6735395.780973599292338 ], [ 554008.816480921232142, 6735408.116447368636727 ], [ 554010.872393216239288, 6735423.535789581015706 ], [ 554013.442283584969118, 6735437.927175645716488 ], [ 554016.012173953582533, 6735456.944364374503493 ] ] ] ] } },
{ "type": "Feature", "properties": { "id": 109 }, "geometry": { "type": "MultiPolygon", "coordinates": [ [ [ [ 554181.513113698572852, 6735529.929250847548246 ], [ 554192.306653247098438, 6735540.722790395841002 ], [ 554194.876543615828268, 6735538.666878101415932 ], [ 554194.876543615828268, 6735536.610965806059539 ], [ 554196.418477837112732, 6735529.929250847548246 ], [ 554198.474390132003464, 6735521.705601667053998 ], [ 554192.820631320937537, 6735516.051842856220901 ], [ 554204.642127016908489, 6735507.828193676657975 ], [ 554209.267929680645466, 6735505.772281381301582 ], [ 554207.725995459361002, 6735498.576588349416852 ], [ 554206.698039311915636, 6735491.3808953166008 ], [ 554211.323841975536197, 6735485.727136505767703 ], [ 554213.379754270543344, 6735480.587355768308043 ], [ 554214.921688491711393, 6735470.821772366762161 ], [ 554206.698039311915636, 6735464.140057408250868 ], [ 554201.558258574455976, 6735459.000276670791209 ], [ 554203.10019279574044, 6735450.262649417854846 ], [ 554197.960412058280781, 6735444.09491253271699 ], [ 554195.390521689550951, 6735428.675570320338011 ], [ 554190.250740952207707, 6735420.451921140775084 ], [ 554185.62493828847073, 6735418.396008845418692 ], [ 554183.055047919857316, 6735426.105679951608181 ], [ 554181.513113698572852, 6735439.983087942935526 ], [ 554187.680850583477877, 6735460.028232818469405 ], [ 554186.652894436032511, 6735481.10133384168148 ], [ 554182.541069846018218, 6735499.090566422790289 ], [ 554181.513113698572852, 6735529.929250847548246 ] ] ] ] } },
{ "type": "Feature", "properties": { "id": 110 }, "geometry": { "type": "MultiPolygon", "coordinates": [ [ [ [ 554748.43092903541401, 6735420.451921143569052 ], [ 554753.57070977287367, 6735438.955131798051298 ], [ 554754.598665920319036, 6735439.983087945729494 ], [ 554758.710490510216914, 6735439.983087945729494 ], [ 554763.850271247676574, 6735437.927175650373101 ], [ 554768.990051985019818, 6735431.759438765235245 ], [ 554777.21370116493199, 6735424.563745733350515 ], [ 554790.577131082187407, 6735420.451921143569052 ], [ 554796.744867967092432, 6735412.228271963074803 ], [ 554798.800780262099579, 6735412.228271963074803 ], [ 554800.856692556990311, 6735397.836885898374021 ], [ 554795.716911819647066, 6735388.585280571132898 ], [ 554790.577131082187407, 6735376.249806801788509 ], [ 554782.353481902275234, 6735365.97024532686919 ], [ 554773.101876575034112, 6735350.550903114490211 ], [ 554767.962095837574452, 6735336.159517049789429 ], [ 554760.766402805224061, 6735320.74017483741045 ], [ 554752.542753625311889, 6735302.236964182928205 ], [ 554745.347060592961498, 6735288.873534265905619 ], [ 554742.263192150508985, 6735277.566016643308103 ], [ 554733.011586823151447, 6735270.370323610492051 ], [ 554721.704069200903177, 6735269.342367463745177 ], [ 554709.368595431093127, 6735272.426235905848444 ], [ 554704.228814693633467, 6735277.566016643308103 ], [ 554714.508376168436371, 6735294.013315003365278 ], [ 554729.927718380698934, 6735311.488569510169327 ], [ 554734.039542970596813, 6735317.656306395307183 ], [ 554742.263192150508985, 6735360.83046458940953 ], [ 554766.934139690129086, 6735379.333675243891776 ], [ 554763.850271247676574, 6735395.780973603948951 ], [ 554748.43092903541401, 6735420.451921143569052 ] ] ] ] } },
{ "type": "Feature", "properties": { "id": 111 }, "geometry": { "type": "MultiPolygon", "coordinates": [ [ [ [ 554715.717685562674887, 6736311.357077109627426 ], [ 554731.339245652430691, 6736301.490828631445765 ], [ 554738.73893201071769, 6736308.890514990314841 ], [ 554748.605180488550104, 6736318.756763467565179 ], [ 554765.871115324553102, 6736326.978637198917568 ], [ 554779.026113294879906, 6736331.911761438474059 ], [ 554777.381738548632711, 6736313.82363922894001 ], [ 554773.270801682956517, 6736308.890514990314841 ], [ 554760.937991085695103, 6736299.024266512133181 ], [ 554752.716117354226299, 6736294.091142273508012 ], [ 554750.249555234797299, 6736288.335830661468208 ], [ 554746.960805742186494, 6736280.936144302599132 ], [ 554746.138618369121104, 6736278.469582183286548 ], [ 554742.027681503328495, 6736275.180832690559328 ], [ 554732.983620398794301, 6736270.247708451934159 ], [ 554727.228308786754496, 6736262.848022093996406 ], [ 554723.117371920961887, 6736261.203647347167134 ], [ 554709.140186577453278, 6736253.803960989229381 ], [ 554709.962373950635083, 6736244.759899884462357 ], [ 554711.606748696882278, 6736237.360213526524603 ], [ 554718.184247682103887, 6736233.249276660382748 ], [ 554711.606748696882278, 6736229.960527167655528 ], [ 554705.029249711777084, 6736226.671777674928308 ], [ 554695.163001234061085, 6736216.80552919767797 ], [ 554685.29675275622867, 6736209.405842838808894 ], [ 554677.897066397941671, 6736202.006156480871141 ], [ 554663.097693681367673, 6736188.851158510893583 ], [ 554656.520194696146064, 6736184.740221644751728 ], [ 554649.120508337859064, 6736179.807097406126559 ], [ 554633.498948248103261, 6736175.696160539984703 ], [ 554621.166137650841847, 6736171.58522367477417 ], [ 554612.122076546191238, 6736172.407411047257483 ], [ 554612.122076546191238, 6736173.229598420672119 ], [ 554617.055200785165653, 6736176.518347913399339 ], [ 554635.143322994350456, 6736188.028971137478948 ], [ 554647.476133591495454, 6736203.650531227700412 ], [ 554672.963942159083672, 6736223.38302818313241 ], [ 554678.719253771123476, 6736229.138339795172215 ], [ 554682.830190636799671, 6736241.471150391735137 ], [ 554679.541441144188866, 6736243.937712511047721 ], [ 554667.208630547043867, 6736231.604901914484799 ], [ 554654.875819949898869, 6736225.027402929030359 ], [ 554644.187384099001065, 6736222.560840809717774 ], [ 554632.676760874921456, 6736219.272091316990554 ], [ 554625.277074516634457, 6736219.272091316990554 ], [ 554625.277074516634457, 6736234.893651407212019 ], [ 554625.277074516634457, 6736235.715838779695332 ], [ 554650.764883084106259, 6736245.582087257876992 ], [ 554658.986756815575063, 6736252.981773615814745 ], [ 554682.008003263617866, 6736266.958958959206939 ], [ 554683.652378009981476, 6736266.136771586723626 ], [ 554694.34081386087928, 6736264.492396839894354 ], [ 554695.985188607126474, 6736265.31458421330899 ], [ 554709.140186577453278, 6736280.113956930115819 ], [ 554711.606748696882278, 6736292.446767526678741 ], [ 554705.029249711777084, 6736296.557704392820597 ], [ 554693.518626487697475, 6736309.712702362798154 ], [ 554715.717685562674887, 6736311.357077109627426 ] ] ] ] } },
{ "type": "Feature", "properties": { "id": 112 }, "geometry": { "type": "MultiPolygon", "coordinates": [ [ [ [ 554822.602044071885757, 6736284.224893795326352 ], [ 554867.822349594905972, 6736263.670209466479719 ], [ 554866.177974848658778, 6736262.02583472058177 ], [ 554865.355787475476973, 6736252.981773615814745 ], [ 554865.355787475476973, 6736252.15958624240011 ], [ 554864.533600102295168, 6736249.693024123087525 ], [ 554862.067037982866168, 6736247.226462003774941 ], [ 554857.956101117189974, 6736245.582087257876992 ], [ 554843.15672840049956, 6736237.360213526524603 ], [ 554837.401416788459755, 6736233.249276660382748 ], [ 554820.135481952456757, 6736225.027402929030359 ], [ 554799.580797623726539, 6736220.09427869040519 ], [ 554783.137050160905346, 6736218.449903943575919 ], [ 554774.092989056254737, 6736216.80552919767797 ], [ 554764.226740578538738, 6736209.405842838808894 ], [ 554752.716117354459129, 6736190.495533256791532 ], [ 554715.717685562907718, 6736172.407411047257483 ], [ 554700.096125473035499, 6736160.074600450694561 ], [ 554687.763314875890501, 6736142.808665614575148 ], [ 554678.719253771239892, 6736126.364918150939047 ], [ 554670.497380039771087, 6736122.253981285728514 ], [ 554663.919881054665893, 6736120.609606538899243 ], [ 554660.631131562055089, 6736120.609606538899243 ], [ 554654.875819950015284, 6736127.187105524353683 ], [ 554654.875819950015284, 6736132.942417136393487 ], [ 554657.342382069444284, 6736145.275227733887732 ], [ 554668.030817920342088, 6736157.608038330450654 ], [ 554692.6964391147485, 6736169.940848927944899 ], [ 554710.784561323933303, 6736191.317720630206168 ], [ 554717.362060309154913, 6736202.828343854285777 ], [ 554735.450182518339716, 6736215.161154450848699 ], [ 554746.960805742419325, 6736225.849590302444994 ], [ 554765.871115324785933, 6736242.293337765149772 ], [ 554770.804239563643932, 6736246.404274630360305 ], [ 554785.603612280334346, 6736243.937712511047721 ], [ 554809.447046101558954, 6736246.404274630360305 ], [ 554821.779856698703952, 6736249.693024123087525 ], [ 554839.045791534823366, 6736258.73708522785455 ], [ 554832.468292549601756, 6736266.136771585792303 ], [ 554811.091420847806148, 6736270.247708451934159 ], [ 554798.75861025066115, 6736280.113956930115819 ], [ 554822.602044071885757, 6736284.224893795326352 ] ] ] ] } },
{ "type": "Feature", "properties": { "id": 113 }, "geometry": { "type": "MultiPolygon", "coordinates": [ [ [ [ 554945.930150044034235, 6738262.407713586464524 ], [ 554945.930150044034235, 6738264.874275706708431 ], [ 554944.28577529778704, 6738263.22990095987916 ], [ 554942.64140055142343, 6738253.363652482628822 ], [ 554942.64140055142343, 6738243.497404004447162 ], [ 554942.64140055142343, 6738239.386467138305306 ], [ 554938.530463685747236, 6738236.919905018992722 ], [ 554930.308589954278432, 6738236.097717646509409 ], [ 554929.486402581096627, 6738227.875843914225698 ], [ 554925.375465715420432, 6738223.764907049015164 ], [ 554918.797966730198823, 6738233.631155526265502 ], [ 554913.864842491340823, 6738231.164593406952918 ], [ 554911.398280371911824, 6738216.365220691077411 ], [ 554909.753905625548214, 6738196.632723734714091 ], [ 554902.354219267261215, 6738176.07803940679878 ], [ 554900.70984452101402, 6738165.389603555202484 ], [ 554899.887657147832215, 6738134.146483375690877 ], [ 554899.887657147832215, 6738124.28023489844054 ], [ 554899.887657147832215, 6738116.880548539571464 ], [ 554892.487970789545216, 6738107.836487435735762 ], [ 554882.621722311712801, 6738101.258988450281322 ], [ 554870.288911714567803, 6738110.303049555048347 ], [ 554878.510785446036607, 6738129.213359137065709 ], [ 554882.621722311712801, 6738142.368357107043266 ], [ 554884.266097058076411, 6738153.056792958639562 ], [ 554880.155160192283802, 6738159.63429194316268 ], [ 554876.866410699789412, 6738170.322727794758976 ], [ 554878.510785446036607, 6738181.833351018838584 ], [ 554880.155160192283802, 6738191.699599496088922 ], [ 554886.732659177505411, 6738200.743660600855947 ], [ 554889.199221296934411, 6738210.609909079037607 ], [ 554888.377033923752606, 6738226.231469168327749 ], [ 554882.621722311712801, 6738232.808968153782189 ], [ 554874.399848580360413, 6738245.141778750345111 ], [ 554888.377033923752606, 6738255.830214601941407 ], [ 554904.820781386690214, 6738245.963966123759747 ], [ 554908.109530879301019, 6738250.074902989901602 ], [ 554922.086716222809628, 6738260.763338840566576 ], [ 554936.886088939383626, 6738281.318023169413209 ], [ 554951.68546165607404, 6738289.539896900765598 ], [ 554954.974211148684844, 6738279.673648422583938 ], [ 554945.930150044034235, 6738262.407713586464524 ] ] ] ] } },
{ "type": "Feature", "properties": { "id": 114 }, "geometry": { "type": "MultiPolygon", "coordinates": [ [ [ [ 555603.680048560956493, 6736389.053783881478012 ], [ 555602.035673814592883, 6736405.497531344182789 ], [ 555591.347237963695079, 6736421.119091434404254 ], [ 555574.903490500873886, 6736438.385026270523667 ], [ 555556.815368291689083, 6736454.006586359813809 ], [ 555546.949119813973084, 6736477.850020181387663 ], [ 555530.505372351035476, 6736503.337828748859465 ], [ 555518.994749127072282, 6736513.204077226109803 ], [ 555503.373189037316479, 6736533.758761554956436 ], [ 555504.195376410498284, 6736544.447197405621409 ], [ 555528.038810231606476, 6736534.580948928371072 ], [ 555550.237869306583889, 6736507.448765614069998 ], [ 555577.370052620302886, 6736489.360643405467272 ], [ 555593.813800083124079, 6736485.249706539325416 ], [ 555606.968798053450882, 6736477.027832807973027 ], [ 555627.523482382064685, 6736468.805959076620638 ], [ 555643.967229845002294, 6736472.094708569347858 ], [ 555662.055352054070681, 6736481.960957046598196 ], [ 555673.56597527815029, 6736484.42751916591078 ], [ 555671.92160053178668, 6736461.406272718682885 ], [ 555664.521914173499681, 6736445.784712628461421 ], [ 555663.699726800434291, 6736435.918464151211083 ], [ 555671.099413158721291, 6736407.141906091012061 ], [ 555679.321286890190095, 6736380.831910150125623 ], [ 555698.231596472440287, 6736364.388162687420845 ], [ 555719.608468174235895, 6736338.078166746534407 ], [ 555727.008154532522894, 6736331.500667761079967 ], [ 555756.606899965670891, 6736311.768170805647969 ], [ 555767.295335816568695, 6736314.234732925891876 ], [ 555774.695022174855694, 6736313.412545552477241 ], [ 555782.916895906324498, 6736316.701295045204461 ], [ 555796.894081249716692, 6736318.345669791102409 ], [ 555819.915327697759494, 6736314.234732925891876 ], [ 555829.781576175475493, 6736305.190671821124852 ], [ 555834.714700414333493, 6736291.213486477732658 ], [ 555842.936574145802297, 6736272.303176894783974 ], [ 555846.225323638296686, 6736269.014427402988076 ], [ 555853.625009996700101, 6736267.370052656158805 ], [ 555852.802822623518296, 6736256.681616805493832 ], [ 555839.647824653191492, 6736216.3944355212152 ], [ 555823.204077190253884, 6736213.10568602848798 ], [ 555787.027832771884277, 6736199.950688058510423 ], [ 555737.696590383304283, 6736262.436928417533636 ], [ 555724.541592412977479, 6736285.458174865692854 ], [ 555662.055352054070681, 6736311.768170806579292 ], [ 555635.745356113417074, 6736338.078166746534407 ], [ 555603.680048560956493, 6736389.053783881478012 ] ] ] ] } },
{ "type": "Feature", "properties": { "id": 115 }, "geometry": { "type": "MultiPolygon", "coordinates": [ [ [ [ 555438.831480245804414, 6736251.748492552898824 ], [ 555435.953824439900927, 6736243.937712508253753 ], [ 555433.076168633881025, 6736255.037242045626044 ], [ 555431.842887574108317, 6736259.970366284251213 ], [ 555424.854294902412221, 6736269.836614762432873 ], [ 555422.798826469574124, 6736275.18083268776536 ], [ 555420.332264350145124, 6736283.402706419117749 ], [ 555419.098983290372416, 6736291.624580150470138 ], [ 555412.11039061867632, 6736298.613172821700573 ], [ 555406.355079006636515, 6736308.890514986589551 ], [ 555403.066329514142126, 6736318.756763463839889 ], [ 555403.888516887207516, 6736331.089574061334133 ], [ 555406.355079006636515, 6736343.422384658828378 ], [ 555402.244142140960321, 6736345.477853091433644 ], [ 555391.555706290062517, 6736352.877539449371397 ], [ 555391.966799976653419, 6736361.510506867431104 ], [ 555395.666643155738711, 6736372.610036404803395 ], [ 555403.477423200616613, 6736373.432223778218031 ], [ 555406.355079006636515, 6736362.33269424084574 ], [ 555412.11039061867632, 6736352.877539449371397 ], [ 555417.865702230716124, 6736344.244572031311691 ], [ 555423.621013842639513, 6736340.133635166101158 ], [ 555431.020700200926512, 6736338.489260419271886 ], [ 555437.598199186148122, 6736329.85629300121218 ], [ 555436.364918126375414, 6736324.512075075879693 ], [ 555431.842887574108317, 6736317.934576091356575 ], [ 555426.498669648659416, 6736310.5348897324875 ], [ 555429.78741914127022, 6736304.368484433740377 ], [ 555435.131637066719122, 6736299.024266508407891 ], [ 555445.820072917616926, 6736289.158018031157553 ], [ 555451.575384529540315, 6736286.280362225137651 ], [ 555455.275227708742023, 6736283.402706419117749 ], [ 555458.563977201352827, 6736281.34723798558116 ], [ 555458.563977201352827, 6736274.769739001058042 ], [ 555456.919602454989217, 6736268.60333370231092 ], [ 555457.741789828171022, 6736262.848022090271115 ], [ 555463.086007753619924, 6736256.270523104816675 ], [ 555463.908195126685314, 6736255.448335732333362 ], [ 555465.141476186458021, 6736249.28193043358624 ], [ 555465.552569873048924, 6736241.060056702233851 ], [ 555467.608038305887021, 6736231.193808224052191 ], [ 555470.896787798497826, 6736226.260683985427022 ], [ 555478.707567843375728, 6736216.394435507245362 ], [ 555478.296474156784825, 6736210.228030209429562 ], [ 555475.00772466417402, 6736208.172561775892973 ], [ 555470.896787798497826, 6736209.405842836014926 ], [ 555468.841319365659729, 6736211.461311268620193 ], [ 555461.030539320781827, 6736217.216622880659997 ], [ 555454.86413402215112, 6736219.272091313265264 ], [ 555448.286635037045926, 6736217.627716567367315 ], [ 555444.997885544435121, 6736224.205215552821755 ], [ 555439.653667618986219, 6736239.826775642111897 ], [ 555438.831480245804414, 6736251.748492552898824 ] ] ] ] } },
{ "type": "Feature", "properties": { "id": 116 }, "geometry": { "type": "MultiPolygon", "coordinates": [ [ [ [ 555121.878247899003327, 6736988.42837889213115 ], [ 555108.723249928676523, 6736978.56213041394949 ], [ 555109.545437301741913, 6736979.384317787364125 ], [ 555110.367624674923718, 6736983.495254653505981 ], [ 555111.189812048105523, 6736989.250566264614463 ], [ 555111.189812048105523, 6736998.294627369381487 ], [ 555112.834186794352718, 6737013.094000086188316 ], [ 555115.300748913781717, 6737019.671499071642756 ], [ 555122.700435272068717, 6737030.35993492230773 ], [ 555128.455746884108521, 6737035.293059160932899 ], [ 555135.85543324239552, 6737025.426810683682561 ], [ 555139.966370108071715, 6737016.382749578915536 ], [ 555133.38887112296652, 6737007.338688474148512 ], [ 555130.922309003537521, 6736999.116814742796123 ], [ 555128.455746884108521, 6736995.828065250068903 ], [ 555121.878247899003327, 6736988.42837889213115 ] ] ] ] } },
{ "type": "Feature", "properties": { "id": 117 }, "geometry": { "type": "MultiPolygon", "coordinates": [ [ [ [ 555082.002160301432014, 6737001.172283176332712 ], [ 555067.613881271448918, 6737001.58337686304003 ], [ 555067.613881271448918, 6737001.58337686304003 ], [ 555072.135911823716015, 6737014.32728114631027 ], [ 555073.780286569963209, 6737018.438218012452126 ], [ 555079.535598182003014, 6737025.426810683682561 ], [ 555083.646535047679208, 6737032.004309669137001 ], [ 555091.868408779148012, 6737038.581808654591441 ], [ 555098.034814077778719, 6737036.93743390776217 ], [ 555104.201219376293011, 6737029.537747549824417 ], [ 555107.078875182312913, 6737024.604623311199248 ], [ 555102.967938316636719, 6737015.149468519724905 ], [ 555100.912469883798622, 6737011.860719026997685 ], [ 555097.623720391187817, 6737009.805250594392419 ], [ 555092.279502465738915, 6737007.338688475079834 ], [ 555086.935284540290013, 6737003.227751608937979 ], [ 555082.002160301432014, 6737001.172283176332712 ] ] ] ] } },
{ "type": "Feature", "properties": { "id": 118 }, "geometry": { "type": "MultiPolygon", "coordinates": [ [ [ [ 555181.486832451890223, 6736992.12822207249701 ], [ 555169.154021854745224, 6736983.495254654437304 ], [ 555168.331834481563419, 6736983.084160967729986 ], [ 555165.043084988952614, 6736993.772596818394959 ], [ 555166.687459735199809, 6736999.939002117142081 ], [ 555172.853865033830516, 6737008.571969535201788 ], [ 555179.842457705526613, 6737015.560562206432223 ], [ 555185.597769317566417, 6737022.138061191886663 ], [ 555190.530893556424417, 6737012.682906400412321 ], [ 555192.175268302671611, 6737008.983063221909106 ], [ 555191.764174616197124, 6737002.405564236454666 ], [ 555187.242144063813612, 6736998.705721057020128 ], [ 555184.36448825779371, 6736995.828065251000226 ], [ 555181.486832451890223, 6736992.12822207249701 ] ] ] ] } },
{ "type": "Feature", "properties": { "id": 119 }, "geometry": { "type": "MultiPolygon", "coordinates": [ [ [ [ 555165.043084988952614, 6736945.674635490402579 ], [ 555144.488400660338812, 6736951.841040788218379 ], [ 555144.488400660338812, 6736951.841040788218379 ], [ 555138.321995361708105, 6736957.596352400258183 ], [ 555137.088714302051812, 6736964.584945072419941 ], [ 555138.733089048299007, 6736967.462600878439844 ], [ 555147.366056466358714, 6736971.162444057874382 ], [ 555152.710274391807616, 6736972.80681880377233 ], [ 555162.987616556114517, 6736973.217912490479648 ], [ 555170.798396600992419, 6736973.217912490479648 ], [ 555173.264958720421419, 6736974.040099863894284 ], [ 555186.00886300415732, 6736986.784004147164524 ], [ 555186.419956690631807, 6736987.195097833871841 ], [ 555189.297612496651709, 6736986.784004147164524 ], [ 555196.697298854938708, 6736984.728535714559257 ], [ 555197.519486228120513, 6736982.261973595246673 ], [ 555197.519486228120513, 6736976.506661983206868 ], [ 555195.464017795282416, 6736969.106975624337792 ], [ 555182.720113511546515, 6736961.707289266400039 ], [ 555176.553708212915808, 6736956.77416502777487 ], [ 555173.676052406895906, 6736952.252134474925697 ], [ 555170.798396600992419, 6736944.030260743573308 ], [ 555167.509647108381614, 6736937.863855444826186 ], [ 555165.043084988952614, 6736945.674635490402579 ] ] ] ] } },
{ "type": "Feature", "properties": { "id": 120 }, "geometry": { "type": "MultiPolygon", "coordinates": [ [ [ [ 558027.077330902917311, 6737163.965383062139153 ], [ 558016.388895052019507, 6737176.298193658702075 ], [ 558009.811396066914313, 6737191.097566375508904 ], [ 558012.277958186343312, 6737201.786002226173878 ], [ 558009.811396066914313, 6737207.541313838213682 ], [ 558026.255143529851921, 6737208.363501211628318 ], [ 558037.765766753815114, 6737199.319440106861293 ], [ 558048.454202604712918, 6737197.675065360963345 ], [ 558052.565139470389113, 6737191.097566375508904 ], [ 558058.320451082428917, 6737177.942568405531347 ], [ 558062.431387948105112, 6737163.143195688724518 ], [ 558061.609200575039722, 6737148.343822971917689 ], [ 558062.431387948105112, 6737134.366637628525496 ], [ 558066.542324813897721, 6737118.745077539235353 ], [ 558071.475449052755721, 6737106.412266941741109 ], [ 558078.052948037860915, 6737091.61289422493428 ], [ 558078.87513541104272, 6737088.324144733138382 ], [ 558077.23076066467911, 6737062.014148792251945 ], [ 558072.297636425821111, 6737048.036963448859751 ], [ 558070.653261679573916, 6737048.036963448859751 ], [ 558061.609200575039722, 6737053.792275060899556 ], [ 558055.853888962999918, 6737050.503525568172336 ], [ 558049.276389977778308, 6737066.947273030877113 ], [ 558048.454202604712918, 6737089.146332105621696 ], [ 558046.809827858349308, 6737106.412266941741109 ], [ 558045.987640485283919, 6737125.322576523758471 ], [ 558041.054516246425919, 6737133.544450256042182 ], [ 558030.366080395528115, 6737140.944136613979936 ], [ 558025.432956156670116, 6737146.69944822601974 ], [ 558027.077330902917311, 6737163.965383062139153 ] ] ] ] } },
{ "type": "Feature", "properties": { "id": 122 }, "geometry": { "type": "MultiPolygon", "coordinates": [ [ [ [ 557835.507672960520722, 6737889.956833547912538 ], [ 557807.55330227361992, 6737865.291212352924049 ], [ 557807.55330227361992, 6737865.291212352924049 ], [ 557810.01986439304892, 6737861.180275487713516 ], [ 557812.486426512477919, 6737861.180275487713516 ], [ 557824.819237109622918, 6737867.757774472236633 ], [ 557829.752361348480918, 6737873.513086084276438 ], [ 557853.595795169705525, 6737885.023709308356047 ], [ 557865.928605766850524, 6737888.312458801083267 ], [ 557871.683917378890328, 6737885.023709308356047 ], [ 557871.683917378890328, 6737885.023709308356047 ], [ 557865.928605766850524, 6737872.690898711793125 ], [ 557862.639856274239719, 6737870.224336591549218 ], [ 557847.840483557665721, 6737860.35808811429888 ], [ 557840.440797199378721, 6737852.958401756361127 ], [ 557828.107986602233723, 6737842.269965904764831 ], [ 557825.641424482804723, 6737833.225904800929129 ], [ 557823.174862363375723, 6737829.114967934787273 ], [ 557814.130801258725114, 6737821.71528157684952 ], [ 557798.509241169085726, 6737819.248719457536936 ], [ 557790.287367437616922, 6737817.604344710707664 ], [ 557784.532055825577118, 6737817.604344710707664 ], [ 557760.688622004468925, 6737825.004031068645418 ], [ 557750.000186153571121, 6737833.225904800929129 ], [ 557736.023000810062513, 6737843.092153278179467 ], [ 557725.334564959281124, 6737843.092153278179467 ], [ 557697.380194272380322, 6737838.981216412968934 ], [ 557679.292072063195519, 6737832.403717427514493 ], [ 557672.71457307797391, 6737822.537468949332833 ], [ 557659.559575107763521, 6737815.959969964809716 ], [ 557653.804263495723717, 6737834.048092173412442 ], [ 557655.448638241970912, 6737848.025277516804636 ], [ 557660.381762480828911, 6737853.78058912884444 ], [ 557673.536760451155715, 6737864.469024980440736 ], [ 557686.691758421482518, 6737868.579961845651269 ], [ 557696.558006899198517, 6737854.602776502259076 ], [ 557717.11269122781232, 6737851.314027009531856 ], [ 557712.179566988954321, 6737863.6468376070261 ], [ 557743.422687168349512, 6737866.93558709975332 ], [ 557759.044247258105315, 6737861.180275487713516 ], [ 557775.487994721042924, 6737838.981216412968934 ], [ 557786.998617945006117, 6737836.514654292725027 ], [ 557807.55330227361992, 6737841.447778532281518 ], [ 557790.287367437616922, 6737848.847464890219271 ], [ 557778.776744213537313, 6737851.314027009531856 ], [ 557777.132369467290118, 6737868.579961845651269 ], [ 557801.797990661580116, 6737872.690898711793125 ], [ 557804.264552781009115, 6737892.423395667225122 ], [ 557824.819237109622918, 6737902.28964414447546 ], [ 557835.507672960520722, 6737917.911204234696925 ], [ 557869.217355259461328, 6737922.022141099907458 ], [ 557869.217355259461328, 6737909.689330503344536 ], [ 557858.528919408563524, 6737902.28964414447546 ], [ 557844.551734065054916, 6737894.067770413123071 ], [ 557835.507672960520722, 6737889.956833547912538 ] ] ] ] } },
{ "type": "Feature", "properties": { "id": 123 }, "geometry": { "type": "MultiPolygon", "coordinates": [ [ [ [ 558464.481013415497728, 6735550.011569582857192 ], [ 558454.614764937781729, 6735545.900632717646658 ], [ 558453.792577564599924, 6735548.367194836959243 ], [ 558453.792577564599924, 6735549.189382209442556 ], [ 558437.348830101778731, 6735557.411255940794945 ], [ 558431.593518489738926, 6735564.810942299664021 ], [ 558419.260707892593928, 6735573.855003404431045 ], [ 558420.905082638841122, 6735585.365626628510654 ], [ 558433.237893235986121, 6735596.054062479175627 ], [ 558443.926329086883925, 6735589.476563493721187 ], [ 558451.326015445170924, 6735584.543439255096018 ], [ 558463.658826042315923, 6735605.098123583942652 ], [ 558472.702887146966532, 6735603.45374883711338 ], [ 558471.058512400602922, 6735592.765312986448407 ], [ 558471.058512400602922, 6735585.365626628510654 ], [ 558465.303200788679533, 6735575.499378150328994 ], [ 558464.481013415497728, 6735567.277504418976605 ], [ 558464.481013415497728, 6735550.011569582857192 ] ] ] ] } },
{ "type": "Feature", "properties": { "id": 121 }, "geometry": { "type": "MultiPolygon", "coordinates": [ [ [ [ 555580.247708426555619, 6737727.574827356263995 ], [ 555561.337398844189011, 6737729.219202102161944 ], [ 555561.337398844189011, 6737729.219202102161944 ], [ 555557.226461978512816, 6737740.729825326241553 ], [ 555554.759899859083816, 6737748.129511684179306 ], [ 555548.182400873978622, 6737757.995760162360966 ], [ 555538.316152396262623, 6737769.506383386440575 ], [ 555536.671777649899013, 6737775.26169499848038 ], [ 555532.560840784222819, 6737782.661381356418133 ], [ 555521.872404933325015, 6737792.527629834599793 ], [ 555519.405842813896015, 6737795.81637932639569 ], [ 555513.650531201856211, 6737812.260126790031791 ], [ 555523.51677967957221, 6737813.904501535929739 ], [ 555536.671777649899013, 6737803.216065685264766 ], [ 555536.671777649899013, 6737803.216065685264766 ], [ 555558.870836724760011, 6737817.19325102865696 ], [ 555566.27052308304701, 6737815.548876282759011 ], [ 555576.136771560879424, 6737800.749503565952182 ], [ 555578.603333680308424, 6737792.527629834599793 ], [ 555579.425521053373814, 6737782.661381356418133 ], [ 555578.603333680308424, 6737767.862008639611304 ], [ 555578.603333680308424, 6737757.995760162360966 ], [ 555585.180832665413618, 6737735.796701087616384 ], [ 555580.247708426555619, 6737727.574827356263995 ] ] ] ] } },
{ "type": "Feature", "properties": { "id": 124 }, "geometry": { "type": "MultiPolygon", "coordinates": [ [ [ [ 555230.818074840586632, 6737336.624731425195932 ], [ 555217.251983183785342, 6737333.335981932468712 ], [ 555216.840889497194439, 6737333.335981932468712 ], [ 555211.085577885154635, 6737334.569262992590666 ], [ 555207.79682839254383, 6737334.980356679297984 ], [ 555200.397142034256831, 6737335.391450365073979 ], [ 555191.353080929722637, 6737340.735668291337788 ], [ 555187.242144063930027, 6737339.502387231215835 ], [ 555176.964801899739541, 6737349.77972939517349 ], [ 555176.964801899739541, 6737349.77972939517349 ], [ 555178.609176645986736, 6737357.179415754042566 ], [ 555179.020270332577638, 6737362.93472736608237 ], [ 555184.36448825802654, 6737367.867851604707539 ], [ 555190.941987243131734, 6737369.512226350605488 ], [ 555199.163860974600539, 6737369.923320037312806 ], [ 555203.685891526867636, 6737365.812383172102273 ], [ 555209.852296825381927, 6737356.35722838062793 ], [ 555212.729952631401829, 6737361.701446305960417 ], [ 555222.185107422643341, 6737367.867851604707539 ], [ 555220.951826362870634, 6737377.323006396181881 ], [ 555213.141046317992732, 6737381.022849574685097 ], [ 555204.508078900049441, 6737391.300191739574075 ], [ 555211.085577885154635, 6737391.711285426281393 ], [ 555224.240575855481438, 6737395.822222291491926 ], [ 555232.05135590035934, 6737391.711285426281393 ], [ 555240.273229631711729, 6737384.311599067412317 ], [ 555251.372759169200435, 6737378.556287455372512 ], [ 555257.539164467831142, 6737372.38988215662539 ], [ 555256.305883408058435, 6737362.93472736608237 ], [ 555252.19494654238224, 6737356.768322067335248 ], [ 555248.906197049771436, 6737355.946134693920612 ], [ 555243.150885437731631, 6737352.657385201193392 ], [ 555236.162292766035534, 6737349.77972939517349 ], [ 555232.05135590035934, 6737344.024417783133686 ], [ 555230.818074840586632, 6737336.624731425195932 ] ] ] ] } },
{ "type": "Feature", "properties": { "id": 125 }, "geometry": { "type": "MultiPolygon", "coordinates": [ [ [ [ 556115.491688343696296, 6736137.875541382469237 ], [ 556092.470441895653494, 6736159.252413083799183 ], [ 556094.114816642017104, 6736156.785850964486599 ], [ 556113.847313597449102, 6736161.718975203111768 ], [ 556127.002311567775905, 6736162.541162576526403 ], [ 556146.734808523207903, 6736163.363349949941039 ], [ 556159.067619120352902, 6736160.896787829697132 ], [ 556163.178555986029096, 6736158.430225710384548 ], [ 556156.601057000923902, 6736147.741789859719574 ], [ 556158.245431747171097, 6736140.342103501781821 ], [ 556174.689179210108705, 6736119.787419172935188 ], [ 556191.132926672929898, 6736121.431793918833137 ], [ 556193.599488792358898, 6736107.454608575440943 ], [ 556192.777301419293508, 6736094.299610605463386 ], [ 556196.066050911787897, 6736085.255549500696361 ], [ 556204.287924643256702, 6736067.167427292093635 ], [ 556210.043236255296506, 6736062.234303052537143 ], [ 556224.842608971870504, 6736047.434930336661637 ], [ 556228.953545837546699, 6736045.790555589832366 ], [ 556235.531044822768308, 6736030.991182873025537 ], [ 556237.175419569015503, 6736016.19181015715003 ], [ 556247.863855419913307, 6736000.570250066928566 ], [ 556258.552291270811111, 6735989.881814216263592 ], [ 556269.240727121592499, 6735974.260254126042128 ], [ 556274.173851360450499, 6735962.749630901962519 ], [ 556266.7741650021635, 6735957.81650666333735 ], [ 556262.663228136487305, 6735964.39400564879179 ], [ 556255.263541778200306, 6735963.571818275377154 ], [ 556242.108543807873502, 6735970.149317260831594 ], [ 556234.708857449586503, 6735992.348376335576177 ], [ 556216.6207352404017, 6736003.03681218624115 ], [ 556205.932299389503896, 6736014.547435410320759 ], [ 556188.666364553500898, 6736026.058058634400368 ], [ 556173.8669918369269, 6736040.857431351207197 ], [ 556170.578242344316095, 6736050.723679828457534 ], [ 556168.9338675980689, 6736074.567113650031388 ], [ 556152.490120135247707, 6736079.500237888656557 ], [ 556150.023558015818708, 6736073.744926276616752 ], [ 556151.667932762065902, 6736067.167427292093635 ], [ 556151.667932762065902, 6736055.656804068014026 ], [ 556146.734808523207903, 6736057.301178813911974 ], [ 556140.979496911168098, 6736072.100551530718803 ], [ 556139.335122164920904, 6736075.389301023446023 ], [ 556127.824498940841295, 6736087.722111620008945 ], [ 556114.669500970630907, 6736083.611174754798412 ], [ 556106.447627239162102, 6736097.588360098190606 ], [ 556113.847313597449102, 6736114.854294934310019 ], [ 556115.491688343696296, 6736137.875541382469237 ] ] ] ] } },
{ "type": "Feature", "properties": { "id": 126 }, "geometry": { "type": "MultiPolygon", "coordinates": [ [ [ [ 556072.737944940221496, 6738823.961689443327487 ], [ 556053.005447984789498, 6738823.139502070844173 ], [ 556061.227321716141887, 6738829.717001055367291 ], [ 556058.760759596712887, 6738839.583249533548951 ], [ 556066.982633328181691, 6738842.871999026276171 ], [ 556072.737944940221496, 6738846.160748518072069 ], [ 556081.78200604475569, 6738846.982935891486704 ], [ 556092.470441895653494, 6738848.627310638315976 ], [ 556100.692315627122298, 6738851.916060130111873 ], [ 556110.558564104838297, 6738859.315746488980949 ], [ 556117.958250463125296, 6738861.782308608293533 ], [ 556122.891374701983295, 6738865.071058101020753 ], [ 556129.46887368708849, 6738847.80512326490134 ], [ 556128.6466863140231, 6738835.472312667407095 ], [ 556125.357936821412295, 6738820.672939950600266 ], [ 556123.7135620751651, 6738805.87356723472476 ], [ 556120.424812582554296, 6738805.87356723472476 ], [ 556097.403566134511493, 6738817.384190458804369 ], [ 556091.648254522471689, 6738822.317314697429538 ], [ 556080.9598186716903, 6738819.028565204702318 ], [ 556072.737944940221496, 6738823.961689443327487 ] ] ] ] } },
{ "type": "Feature", "properties": { "id": 127 }, "geometry": { "type": "MultiPolygon", "coordinates": [ [ [ [ 555844.169855206389911, 6734423.614868374541402 ], [ 555853.213916310924105, 6734429.370179986581206 ], [ 555828.548295116634108, 6734424.437055747956038 ], [ 555807.993610788020305, 6734417.85955676343292 ], [ 555805.527048668591306, 6734413.748619897291064 ], [ 555798.127362310304306, 6734405.526746165938675 ], [ 555794.016425444511697, 6734399.771434553898871 ], [ 555793.194238071446307, 6734393.193935568444431 ], [ 555789.083301205653697, 6734382.505499717779458 ], [ 555780.861427474301308, 6734370.172689120285213 ], [ 555754.551431533647701, 6734373.461438613012433 ], [ 555737.285496697644703, 6734374.283625986427069 ], [ 555722.486123981070705, 6734366.883939628489316 ], [ 555720.019561861641705, 6734363.595190135762095 ], [ 555717.552999742212705, 6734354.551129030995071 ], [ 555713.442062876420096, 6734338.929568940773606 ], [ 555709.331126010743901, 6734329.063320463523269 ], [ 555702.753627025522292, 6734310.97519825398922 ], [ 555696.176128040417098, 6734297.820200284011662 ], [ 555692.065191174740903, 6734281.376452821306884 ], [ 555685.487692189519294, 6734270.688016970641911 ], [ 555677.265818458166905, 6734263.288330611772835 ], [ 555657.533321502618492, 6734255.066456880420446 ], [ 555641.089574039797299, 6734246.844583149068058 ], [ 555627.934576069470495, 6734243.555833656340837 ], [ 555586.0030200391775, 6734236.156147298403084 ], [ 555556.404274605913088, 6734230.40083568636328 ], [ 555537.493965023662895, 6734225.467711447738111 ], [ 555535.8495902774157, 6734244.378021029755473 ], [ 555542.427089262520894, 6734253.422082134522498 ], [ 555567.914897829992697, 6734266.577080104500055 ], [ 555600.802392755751498, 6734272.33239171653986 ], [ 555609.846453860285692, 6734276.443328582681715 ], [ 555646.844885651837103, 6734283.020827567204833 ], [ 555656.711134129553102, 6734296.175825538113713 ], [ 555669.866132099879906, 6734311.797385627403855 ], [ 555684.665504816453904, 6734341.396131061017513 ], [ 555691.243003801559098, 6734349.618004792369902 ], [ 555694.531753294169903, 6734367.706127 ], [ 555696.176128040417098, 6734389.905186075717211 ], [ 555745.507370429113507, 6734394.016122941859066 ], [ 555755.373618906829506, 6734395.660497687757015 ], [ 555766.8842421307927, 6734402.237996673211455 ], [ 555784.972364339977503, 6734417.85955676343292 ], [ 555790.727675952017307, 6734430.192367359995842 ], [ 555809.6379855342675, 6734447.458302196115255 ], [ 555814.571109773125499, 6734450.747051688842475 ], [ 555831.014857236063108, 6734458.146738046780229 ], [ 555858.96922792296391, 6734459.7911127936095 ], [ 555865.546726908069104, 6734458.968925420194864 ], [ 555885.279223863501102, 6734463.07986228633672 ], [ 555886.923598609864712, 6734459.7911127936095 ], [ 555887.745785982930101, 6734451.569239062257111 ], [ 555877.879537505214103, 6734446.63611482270062 ], [ 555870.479851146927103, 6734444.169552703388035 ], [ 555860.613602669211105, 6734439.236428464762866 ], [ 555852.3917289377423, 6734434.303304226137698 ], [ 555844.169855206389911, 6734423.614868374541402 ] ] ] ] } },
{ "type": "Feature", "properties": { "id": 128 }, "geometry": { "type": "MultiPolygon", "coordinates": [ [ [ [ 557763.155184124596417, 6734226.289898820221424 ], [ 557783.70986845321022, 6734230.40083568636328 ], [ 557786.176430572639219, 6734220.53458720818162 ], [ 557786.176430572639219, 6734220.53458720818162 ], [ 557786.176430572639219, 6734210.668338730931282 ], [ 557789.465180065133609, 6734195.046778640709817 ], [ 557791.109554811497219, 6734183.536155417561531 ], [ 557791.931742184679024, 6734168.736782700754702 ], [ 557790.287367438315414, 6734142.426786759868264 ], [ 557792.753929557744414, 6734121.872102431021631 ], [ 557804.264552781824023, 6734103.783980222418904 ], [ 557814.952988632605411, 6734089.806794879026711 ], [ 557826.46361185668502, 6734073.363047415390611 ], [ 557829.752361349295825, 6734065.963361057452857 ], [ 557831.396736095543019, 6734047.053051475435495 ], [ 557827.285799229866825, 6734038.831177744083107 ], [ 557822.35267499089241, 6734028.964929265901446 ], [ 557822.35267499089241, 6734014.987743922509253 ], [ 557823.99704973725602, 6734003.477120698429644 ], [ 557827.285799229866825, 6733987.855560609139502 ], [ 557825.641424483503215, 6733964.012126787565649 ], [ 557828.107986602932215, 6733950.857128817588091 ], [ 557835.507672961219214, 6733926.191507623530924 ], [ 557847.018296185298823, 6733908.103385413996875 ], [ 557860.173294155509211, 6733885.082138965837657 ], [ 557872.506104752770625, 6733862.06089251767844 ], [ 557874.972666872199625, 6733852.194644040428102 ], [ 557877.439228991628624, 6733843.150582935661077 ], [ 557872.506104752770625, 6733838.217458697035909 ], [ 557860.173294155509211, 6733842.328395562246442 ], [ 557856.884544663014822, 6733858.77214302495122 ], [ 557837.974235080648214, 6733880.971202099695802 ], [ 557831.396736095543019, 6733897.414949563331902 ], [ 557813.308613886358216, 6733917.969633891247213 ], [ 557806.731114901253022, 6733927.835882369428873 ], [ 557792.753929557744414, 6733959.07900254894048 ], [ 557777.13236946798861, 6733973.878375265747309 ], [ 557761.510809378349222, 6734001.832745952531695 ], [ 557749.177998781087808, 6734019.098680788651109 ], [ 557740.956125049735419, 6734045.408676728606224 ], [ 557758.222059885738418, 6734048.697426221333444 ], [ 557767.266120990272611, 6734038.008990370668471 ], [ 557773.021432602312416, 6734021.565242907963693 ], [ 557775.487994721741416, 6734016.632118669338524 ], [ 557796.042679050355218, 6733988.677747981622815 ], [ 557799.331428542966023, 6733982.100248997099698 ], [ 557800.975803289213218, 6733998.543996459804475 ], [ 557804.264552781824023, 6734023.209617653861642 ], [ 557807.553302274318412, 6734042.94211460929364 ], [ 557805.086740154889412, 6734057.741487326100469 ], [ 557786.176430572639219, 6734098.850855982862413 ], [ 557777.13236946798861, 6734122.694289804436266 ], [ 557773.021432602312416, 6734145.715536252595484 ], [ 557772.199245229130611, 6734162.159283715300262 ], [ 557772.199245229130611, 6734177.780843805521727 ], [ 557770.554870482883416, 6734193.402403894811869 ], [ 557763.155184124596417, 6734226.289898820221424 ] ] ] ] } },
{ "type": "Feature", "properties": { "id": 129 }, "geometry": { "type": "MultiPolygon", "coordinates": [ [ [ [ 557474.567416151054204, 6733850.961362978443503 ], [ 557481.5560088227503, 6733856.30558090377599 ], [ 557487.722414121381007, 6733855.072299844585359 ], [ 557488.13350780797191, 6733853.839018784463406 ], [ 557490.600069927400909, 6733846.85042611323297 ], [ 557494.711006793077104, 6733842.328395560383797 ], [ 557506.632723703747615, 6733834.106521829031408 ], [ 557510.74366056942381, 6733824.651367038488388 ], [ 557514.854597435100004, 6733813.551837501116097 ], [ 557516.910065867938101, 6733802.452307962812483 ], [ 557514.443503748509102, 6733794.230434231460094 ], [ 557512.388035315671004, 6733792.174965798854828 ], [ 557508.688192136585712, 6733788.886216306127608 ], [ 557503.34397421113681, 6733785.186373127624393 ], [ 557498.821943658869714, 6733783.130904694087803 ], [ 557493.477725733420812, 6733786.830747873522341 ], [ 557489.366788867628202, 6733797.519183724187315 ], [ 557485.66694568854291, 6733807.796525889076293 ], [ 557486.900226748199202, 6733817.251680679619312 ], [ 557484.844758315361105, 6733828.762303903698921 ], [ 557478.678353016846813, 6733836.161990262567997 ], [ 557474.567416151054204, 6733850.961362978443503 ] ] ] ] } },
{ "type": "Feature", "properties": { "id": 130 }, "geometry": { "type": "MultiPolygon", "coordinates": [ [ [ [ 557520.198815360548906, 6733826.295741786248982 ], [ 557522.254283793503419, 6733838.217458697035909 ], [ 557522.254283793503419, 6733838.217458697035909 ], [ 557525.131939599406905, 6733834.106521831825376 ], [ 557531.709438584628515, 6733825.884648099541664 ], [ 557537.053656510077417, 6733816.018399622291327 ], [ 557541.986780748935416, 6733805.329963771626353 ], [ 557544.042249181773514, 6733800.80793321877718 ], [ 557544.042249181773514, 6733795.052621606737375 ], [ 557541.164593375753611, 6733790.119497368112206 ], [ 557541.986780748935416, 6733785.597466816194355 ], [ 557546.919904987793416, 6733779.842155204154551 ], [ 557548.975373420631513, 6733777.375593084841967 ], [ 557548.153186047449708, 6733771.620281472802162 ], [ 557545.686623928020708, 6733769.153719353489578 ], [ 557533.764907017466612, 6733766.276063547469676 ], [ 557530.88725121144671, 6733765.45387617405504 ], [ 557529.242876465199515, 6733781.4865299500525 ], [ 557528.42068909201771, 6733787.241841562092304 ], [ 557528.42068909201771, 6733796.696996353566647 ], [ 557526.776314345770516, 6733806.974338517524302 ], [ 557520.198815360548906, 6733826.295741786248982 ] ] ] ] } },
{ "type": "Feature", "properties": { "id": 131 }, "geometry": { "type": "MultiPolygon", "coordinates": [ [ [ [ 555493.095846874406561, 6738632.392031502909958 ], [ 555494.740221620653756, 6738638.147343114949763 ], [ 555502.139907978940755, 6738635.680780995637178 ], [ 555502.139907978940755, 6738634.858593622222543 ], [ 555507.89521959098056, 6738623.347970398142934 ], [ 555516.939280695514753, 6738606.904222935438156 ], [ 555520.228030188125558, 6738595.393599711358547 ], [ 555522.694592307554558, 6738584.705163860693574 ], [ 555528.449903919594362, 6738566.617041651159525 ], [ 555534.205215531634167, 6738555.928605800494552 ], [ 555549.004588248208165, 6738534.551734099164605 ], [ 555554.759899860131554, 6738527.974235113710165 ], [ 555566.270523084211163, 6738520.574548754841089 ], [ 555563.803960964782164, 6738517.285799263045192 ], [ 555553.11552511388436, 6738512.3526750234887 ], [ 555545.71583875559736, 6738514.819237142801285 ], [ 555530.094278665841557, 6738532.907359352335334 ], [ 555524.338967053801753, 6738545.240169949829578 ], [ 555516.117093322449364, 6738564.150479531846941 ], [ 555512.828343829838559, 6738575.661102755926549 ], [ 555507.073032217798755, 6738592.104850218631327 ], [ 555503.784282725304365, 6738602.7932860692963 ], [ 555493.095846874406561, 6738632.392031502909958 ] ] ] ] } },
{ "type": "Feature", "properties": { "id": 132 }, "geometry": { "type": "MultiPolygon", "coordinates": [ [ [ [ 557504.166161584667861, 6737643.30062161013484 ], [ 557419.480862150900066, 6737700.853737729601562 ], [ 557419.480862150900066, 6737700.853737729601562 ], [ 557414.547737912042066, 6737704.142487222328782 ], [ 557404.681489434326068, 6737709.075611461885273 ], [ 557388.237741971388459, 6737717.297485193237662 ], [ 557374.260556627996266, 6737716.475297819823027 ], [ 557361.927746030851267, 6737714.008735700510442 ], [ 557352.883684926200658, 6737711.542173581197858 ], [ 557352.061497553135268, 6737710.719986207783222 ], [ 557346.306185941095464, 6737709.075611461885273 ], [ 557319.174002627376467, 6737703.320299849845469 ], [ 557311.774316268973053, 6737700.853737729601562 ], [ 557301.908067791257054, 6737698.387175610288978 ], [ 557282.997758209006861, 6737699.209362983703613 ], [ 557281.353383462759666, 6737700.031550357118249 ], [ 557283.819945582188666, 6737716.475297819823027 ], [ 557313.418691015336663, 6737726.341546297073364 ], [ 557348.772748060524464, 6737741.963106387294829 ], [ 557381.660242986283265, 6737739.496544267982244 ], [ 557399.748365195468068, 6737728.808108417317271 ], [ 557417.836487404536456, 6737717.297485193237662 ], [ 557441.679921225761063, 6737708.253424088470638 ], [ 557467.167729793232866, 6737694.276238745078444 ], [ 557492.655538360704668, 6737682.765615520998836 ], [ 557492.655538360704668, 6737682.765615520998836 ], [ 557492.655538360704668, 6737682.765615520998836 ], [ 557507.454911077278666, 6737676.188116535544395 ], [ 557539.520218629855663, 6737664.677493311464787 ], [ 557548.564279734506272, 6737662.210931192152202 ], [ 557559.252715585404076, 6737658.922181699424982 ], [ 557559.252715585404076, 6737647.411558475345373 ], [ 557550.208654480753466, 6737639.189684743992984 ], [ 557552.675216600182466, 6737637.545309998095036 ], [ 557545.275530241895467, 6737635.900935251265764 ], [ 557545.275530241895467, 6737635.900935251265764 ], [ 557533.764907017932273, 6737633.43437313195318 ], [ 557526.365220659645274, 6737631.789998386055231 ], [ 557518.96553430124186, 6737631.789998386055231 ], [ 557510.743660569889471, 6737633.43437313195318 ], [ 557497.588662599562667, 6737623.568124654702842 ], [ 557482.789289882988669, 6737616.168438295833766 ], [ 557471.27866665890906, 6737616.168438295833766 ], [ 557469.634291912661865, 6737629.323436266742647 ], [ 557477.85616564413067, 6737638.367497371509671 ], [ 557481.967102509806864, 6737640.01187211740762 ], [ 557504.166161584667861, 6737643.30062161013484 ] ] ] ] } },
{ "type": "Feature", "properties": { "id": 133 }, "geometry": { "type": "MultiPolygon", "coordinates": [ [ [ [ 557504.166161585599184, 6735052.588208835572004 ], [ 557518.143346928991377, 6735059.98789519444108 ], [ 557523.898658541031182, 6735071.498518417589366 ], [ 557522.254283794783987, 6735091.231015373021364 ], [ 557518.965534302173182, 6735108.496950209140778 ], [ 557514.032410063315183, 6735127.407259792089462 ], [ 557518.143346928991377, 6735145.495382 ], [ 557520.609909048420377, 6735145.495382 ], [ 557527.187408033641987, 6735129.873821911402047 ], [ 557547.742092362255789, 6735120.829760806635022 ], [ 557555.963966093608178, 6735117.541011313907802 ], [ 557563.363652451895177, 6735115.074449194595218 ], [ 557572.407713556545787, 6735115.074449194595218 ], [ 557574.874275675974786, 6735115.896636568009853 ], [ 557578.163025168469176, 6735127.407259792089462 ], [ 557580.629587287898175, 6735142.206632507964969 ], [ 557588.85146101936698, 6735145.495382 ], [ 557596.251147377653979, 6735130.696009284816682 ], [ 557597.073334750835784, 6735118.363198687322438 ], [ 557594.606772631406784, 6735101.91945122461766 ], [ 557595.428960004588589, 6735091.231015373021364 ], [ 557598.717709497082978, 6735079.720392149873078 ], [ 557599.539896870264784, 6735069.854143671691418 ], [ 557588.85146101936698, 6735052.588208835572004 ], [ 557583.09614940744359, 6735036.144461372867227 ], [ 557573.229900929611176, 6735027.922587641514838 ], [ 557569.941151437116787, 6735037.788836118765175 ], [ 557568.296776690753177, 6735046.8328972235322 ], [ 557555.141778720542789, 6735055.876958328299224 ], [ 557545.275530242710374, 6735047.655084596946836 ], [ 557546.919904989073984, 6735036.144461372867227 ], [ 557542.808968123281375, 6735024.633838148787618 ], [ 557531.298344899318181, 6735014.76758967153728 ], [ 557532.942719645565376, 6735031.211337134242058 ], [ 557528.009595406707376, 6735041.077585611492395 ], [ 557521.432096421602182, 6735042.721960358321667 ], [ 557504.166161585599184, 6735052.588208835572004 ] ] ] ] } },
{ "type": "Feature", "properties": { "id": 134 }, "geometry": { "type": "MultiPolygon", "coordinates": [ [ [ [ 557619.272393825929612, 6735118.363198685459793 ], [ 557617.628019079682417, 6735126.585072416812181 ], [ 557614.339269587071612, 6735134.80694614816457 ], [ 557611.050520094460808, 6735144.673194625414908 ], [ 557615.983644333318807, 6735152.072880984283984 ], [ 557620.094581199111417, 6735152.072880984283984 ], [ 557640.64926552772522, 6735136.451320894062519 ], [ 557640.64926552772522, 6735128.22944716271013 ], [ 557640.64926552772522, 6735120.007573431357741 ], [ 557639.00489078136161, 6735105.208200714550912 ], [ 557636.53832866193261, 6735101.097263849340379 ], [ 557628.316454930580221, 6735107.674762834794819 ], [ 557619.272393825929612, 6735118.363198685459793 ] ] ] ] } },
{ "type": "Feature", "properties": { "id": 135 }, "geometry": { "type": "MultiPolygon", "coordinates": [ [ [ [ 557587.207086273352616, 6734981.880094744265079 ], [ 557597.895522124250419, 6734981.880094744265079 ], [ 557606.939583228784613, 6734981.057907370850444 ], [ 557606.939583228784613, 6734981.057907370850444 ], [ 557607.761770601966418, 6734976.946970505639911 ], [ 557609.406145348213613, 6734967.902909400872886 ], [ 557603.650833736173809, 6734955.570098803378642 ], [ 557597.895522124250419, 6734953.103536684066057 ], [ 557596.251147377886809, 6734953.103536684066057 ], [ 557594.606772631639615, 6734958.036660922691226 ], [ 557591.31802313902881, 6734966.258534654043615 ], [ 557587.207086273352616, 6734981.880094744265079 ] ] ] ] } },
{ "type": "Feature", "properties": { "id": 136 }, "geometry": { "type": "MultiPolygon", "coordinates": [ [ [ [ 557629.138642303762026, 6735101.919451221823692 ], [ 557640.64926552772522, 6735100.275076475925744 ], [ 557643.938015020336024, 6735098.630701730027795 ], [ 557647.226764512946829, 6735090.408827998675406 ], [ 557648.871139259194024, 6735075.609455281868577 ], [ 557648.871139259194024, 6735059.165707819163799 ], [ 557643.938015020336024, 6735047.65508459508419 ], [ 557643.938015020336024, 6735044.36633510235697 ], [ 557630.783017050009221, 6735031.21133713144809 ], [ 557630.783017050009221, 6735031.21133713144809 ], [ 557632.427391796256416, 6735054.232583579607308 ], [ 557634.071766542620026, 6735059.165707819163799 ], [ 557629.138642303762026, 6735101.919451221823692 ] ] ] ] } },
{ "type": "Feature", "properties": { "id": 137 }, "geometry": { "type": "MultiPolygon", "coordinates": [ [ [ [ 557742.600499797496013, 6734833.064180203713477 ], [ 557726.15675233467482, 6734845.396990801207721 ], [ 557723.690190215245821, 6734852.796677159145474 ], [ 557710.535192244919017, 6734863.485113009810448 ], [ 557705.602068006061018, 6734865.129487756639719 ], [ 557701.491131140384823, 6734877.462298354133964 ], [ 557713.001754364348017, 6734881.573235219344497 ], [ 557721.223628095816821, 6734876.640110980719328 ], [ 557733.556438692961819, 6734872.529174114577472 ], [ 557747.533624036354013, 6734861.018550890497863 ], [ 557750.822373528964818, 6734856.90761402528733 ], [ 557756.577685141004622, 6734844.574803427793086 ], [ 557757.399872514070012, 6734833.886367577128112 ], [ 557754.933310394641012, 6734824.842306472361088 ], [ 557754.933310394641012, 6734824.842306472361088 ], [ 557742.600499797496013, 6734833.064180203713477 ] ] ] ] } },
{ "type": "Feature", "properties": { "id": 138 }, "geometry": { "type": "MultiPolygon", "coordinates": [ [ [ [ 556761.730963637004606, 6736573.634849146939814 ], [ 556774.063774234149605, 6736568.701724908314645 ], [ 556773.2415868609678, 6736566.235162789002061 ], [ 556772.419399487785995, 6736560.479851176962256 ], [ 556769.130649995291606, 6736554.724539564922452 ], [ 556768.308462622109801, 6736554.724539564922452 ], [ 556767.486275248927996, 6736554.724539564922452 ], [ 556760.086588890640996, 6736553.902352191507816 ], [ 556747.753778293495998, 6736558.835476430132985 ], [ 556743.642841427819803, 6736562.946413296274841 ], [ 556732.132218203740194, 6736585.145472371019423 ], [ 556732.132218203740194, 6736585.967659744434059 ], [ 556728.021281338064, 6736603.233594579622149 ], [ 556726.376906591816805, 6736605.700156699866056 ], [ 556722.265969726024196, 6736615.566405177116394 ], [ 556719.799407606595196, 6736618.855154669843614 ], [ 556717.332845487166196, 6736636.943276879377663 ], [ 556720.621594979777001, 6736642.698588490486145 ], [ 556730.487843457493, 6736645.165150610730052 ], [ 556732.954405576921999, 6736640.232026371173561 ], [ 556736.243155069532804, 6736628.721403147093952 ], [ 556740.354091935208999, 6736620.499529415741563 ], [ 556743.642841427819803, 6736604.877969326451421 ], [ 556748.575965666677803, 6736592.545158728957176 ], [ 556761.730963637004606, 6736573.634849146939814 ] ] ] ] } },
{ "type": "Feature", "properties": { "id": 139 }, "geometry": { "type": "MultiPolygon", "coordinates": [ [ [ [ 555558.048649354255758, 6737654.400151145644486 ], [ 555543.24927663768176, 6737658.922181697562337 ], [ 555534.205215533147566, 6737666.321868056431413 ], [ 555525.983341801678762, 6737670.843898608349264 ], [ 555508.717406965675764, 6737678.654678652994335 ], [ 555478.707567845936865, 6737692.631863996386528 ], [ 555477.063193099573255, 6737697.976081921719015 ], [ 555475.007724666735157, 6737704.553580907173455 ], [ 555478.707567845936865, 6737708.253424086607993 ], [ 555484.051785771385767, 6737710.719986205920577 ], [ 555486.518347890814766, 6737711.953267266042531 ], [ 555488.984910010243766, 6737711.131079892627895 ], [ 555499.262252174434252, 6737707.431236713193357 ], [ 555501.317720607388765, 6737704.553580907173455 ], [ 555516.117093323962763, 6737697.976081921719015 ], [ 555525.572248115087859, 6737692.631863996386528 ], [ 555533.383028159965761, 6737690.987489250488579 ], [ 555543.24927663768176, 6737686.465458698570728 ], [ 555545.304745070519857, 6737685.232177638448775 ], [ 555550.648962995968759, 6737682.354521832428873 ], [ 555555.993180921417661, 6737676.18811653368175 ], [ 555569.148178891744465, 6737665.088586996309459 ], [ 555573.259115757420659, 6737657.688900638371706 ], [ 555575.725677876849659, 6737650.28921427950263 ], [ 555576.958958936622366, 6737647.000464787706733 ], [ 555571.614741011173464, 6737643.300621608272195 ], [ 555571.614741011173464, 6737643.300621608272195 ], [ 555566.270523085724562, 6737644.533902667462826 ], [ 555558.048649354255758, 6737654.400151145644486 ] ] ] ] } },
{ "type": "Feature", "properties": { "id": 140 }, "geometry": { "type": "MultiPolygon", "coordinates": [ [ [ [ 556328.438217990216799, 6736687.507800329476595 ], [ 556374.480710886418819, 6736678.463739223778248 ], [ 556374.480710886418819, 6736670.241865492425859 ], [ 556372.836336140055209, 6736663.664366507902741 ], [ 556358.036963423481211, 6736652.153743283823133 ], [ 556356.392588677234016, 6736652.153743283823133 ], [ 556339.948841214296408, 6736647.220619045197964 ], [ 556308.705721034901217, 6736648.864993791095912 ], [ 556270.885101870284416, 6736648.864993791095912 ], [ 556262.663228138815612, 6736650.509368536993861 ], [ 556231.420107959304005, 6736653.798118029721081 ], [ 556233.064482705667615, 6736643.931869552470744 ], [ 556233.064482705667615, 6736630.776871581561863 ], [ 556231.420107959304005, 6736591.311877670697868 ], [ 556231.420107959304005, 6736566.646256476640701 ], [ 556233.064482705667615, 6736556.780007998459041 ], [ 556239.641981690772809, 6736527.181262565776706 ], [ 556239.641981690772809, 6736523.892513073049486 ], [ 556200.176987779908814, 6736502.515641371719539 ], [ 556178.800116078113206, 6736482.783144416287541 ], [ 556150.845745391212404, 6736461.406272714026272 ], [ 556129.468873689533211, 6736443.318150505423546 ], [ 556119.602625211817212, 6736467.983771699480712 ], [ 556114.669500972959213, 6736489.360643400810659 ], [ 556108.092001987737603, 6736509.093140356242657 ], [ 556094.9370040174108, 6736522.248138327151537 ], [ 556109.736376734101214, 6736560.068757491186261 ], [ 556121.246999958064407, 6736543.625010028481483 ], [ 556140.979496913496405, 6736518.959388834424317 ], [ 556162.356368615292013, 6736518.959388834424317 ], [ 556162.356368615292013, 6736523.892513073049486 ], [ 556164.000743361539207, 6736537.047511043027043 ], [ 556173.866991839255206, 6736566.646256476640701 ], [ 556200.176987779908814, 6736588.023128177970648 ], [ 556200.176987779908814, 6736617.621873611584306 ], [ 556193.599488794687204, 6736634.887808447703719 ], [ 556182.088865570607595, 6736639.820932687260211 ], [ 556160.711993868928403, 6736642.287494806572795 ], [ 556124.535749450558797, 6736652.975930657237768 ], [ 556125.357936823740602, 6736648.864993791095912 ], [ 556139.335122167132795, 6736635.709995821118355 ], [ 556142.6238716597436, 6736631.599058954976499 ], [ 556150.845745391212404, 6736624.199372597038746 ], [ 556156.601057003135793, 6736618.444060984998941 ], [ 556150.023558018030599, 6736611.8665619995445 ], [ 556143.446059032925405, 6736611.044374627061188 ], [ 556133.57981055509299, 6736614.333124119788408 ], [ 556126.180124196805991, 6736618.444060984998941 ], [ 556108.092001987737603, 6736629.95468420907855 ], [ 556095.75919139047619, 6736643.931869552470744 ], [ 556090.0038797785528, 6736651.331555910408497 ], [ 556078.493256554473191, 6736652.975930657237768 ], [ 556067.804820703691803, 6736654.620305403135717 ], [ 556055.472010106430389, 6736658.731242269277573 ], [ 556036.561700524180196, 6736664.486553881317377 ], [ 556023.406702553853393, 6736669.419678119942546 ], [ 556003.674205598421395, 6736679.285926598124206 ], [ 555993.807957120705396, 6736684.219050836749375 ], [ 556000.38545610581059, 6736703.129360418766737 ], [ 556015.184828822384588, 6736703.129360418766737 ], [ 556032.450763658504002, 6736693.263111941516399 ], [ 556042.317012136220001, 6736689.152175075374544 ], [ 556069.449195449938998, 6736682.574676089920104 ], [ 556090.0038797785528, 6736684.219050836749375 ], [ 556100.692315629334189, 6736686.685612956061959 ], [ 556123.713562077376992, 6736689.152175075374544 ], [ 556146.734808525419794, 6736685.863425582647324 ], [ 556168.933867600280792, 6736671.064052866771817 ], [ 556183.733240316971205, 6736680.108113970607519 ], [ 556251.974792287917808, 6736680.930301344022155 ], [ 556261.841040765633807, 6736679.285926598124206 ], [ 556286.506661959923804, 6736672.708427612669766 ], [ 556307.883533661602996, 6736684.219050836749375 ], [ 556328.438217990216799, 6736687.507800329476595 ] ] ] ] } },
{ "type": "Feature", "properties": { "id": 141 }, "geometry": { "type": "MultiPolygon", "coordinates": [ [ [ [ 558532.722565388772637, 6734692.88123307749629 ], [ 558548.34412547852844, 6734692.88123307749629 ], [ 558551.632874971022829, 6734692.059045704081655 ], [ 558555.743811836815439, 6734690.414670958183706 ], [ 558568.898809807025827, 6734682.192797226831317 ], [ 558569.720997180207632, 6734670.682174002751708 ], [ 558565.610060314531438, 6734664.104675017297268 ], [ 558563.965685568167828, 6734651.771864419803023 ], [ 558560.676936075673439, 6734645.194365435279906 ], [ 558561.499123448738828, 6734637.79467907641083 ], [ 558562.321310821920633, 6734636.972491703927517 ], [ 558563.143498195102438, 6734627.928430599160492 ], [ 558563.143498195102438, 6734618.884369494393468 ], [ 558561.499123448738828, 6734605.72937152441591 ], [ 558560.676936075673439, 6734596.685310419648886 ], [ 558553.277249717386439, 6734590.929998807609081 ], [ 558543.411001239554025, 6734588.463436688296497 ], [ 558539.300064373877831, 6734594.218748300336301 ], [ 558538.477877000696026, 6734612.306870508939028 ], [ 558537.655689627630636, 6734627.928430599160492 ], [ 558537.655689627630636, 6734641.905615942552686 ], [ 558537.655689627630636, 6734659.993738151155412 ], [ 558534.366940135019831, 6734666.571237136609852 ], [ 558522.856316911056638, 6734683.01498459931463 ], [ 558527.789441149914637, 6734695.347795196808875 ], [ 558532.722565388772637, 6734692.88123307749629 ] ] ] ] } },
{ "type": "Feature", "properties": { "id": 142 }, "geometry": { "type": "MultiPolygon", "coordinates": [ [ [ [ 556345.10002384474501, 6735328.832412236370146 ], [ 556340.885308165219612, 6735328.832412236370146 ], [ 556332.455876806052402, 6735327.146525965072215 ], [ 556323.18350231111981, 6735325.46063969284296 ], [ 556308.853469000663608, 6735327.146525965072215 ], [ 556308.853469000663608, 6735327.146525965072215 ], [ 556313.068184680189006, 6735345.691274954937398 ], [ 556327.398217990645207, 6735354.96364944986999 ], [ 556334.14176307793241, 6735360.021308265626431 ], [ 556348.471796388388611, 6735360.864251401275396 ], [ 556350.157682660152204, 6735357.49247885774821 ], [ 556345.10002384474501, 6735349.90599063411355 ], [ 556349.314739524270408, 6735346.534218090586364 ], [ 556352.686512067914009, 6735345.691274954937398 ], [ 556354.372398339677602, 6735345.691274954937398 ], [ 556369.5453747860156, 6735333.890071052126586 ], [ 556379.660692416946404, 6735327.98946910072118 ], [ 556388.933066911878996, 6735322.93181028496474 ], [ 556397.362498271046206, 6735316.188265197910368 ], [ 556426.865508027840406, 6735308.601776975207031 ], [ 556443.724370745941997, 6735302.701175023801625 ], [ 556465.640892279567197, 6735311.973549518734217 ], [ 556489.24330008495599, 6735311.973549518734217 ], [ 556517.903366705868393, 6735310.287663246504962 ], [ 556560.893466637236997, 6735295.114686800166965 ], [ 556573.537613675813191, 6735287.528198577463627 ], [ 556581.967045034863986, 6735269.826392723247409 ], [ 556575.223499947576784, 6735263.925790771842003 ], [ 556568.479954860405996, 6735260.554018228314817 ], [ 556548.249319598544389, 6735268.983449587598443 ], [ 556533.919286288088188, 6735275.726994674652815 ], [ 556526.332798064919189, 6735278.255824082531035 ], [ 556507.788049074937589, 6735284.999369169585407 ], [ 556483.342698133667, 6735287.528198577463627 ], [ 556477.442096182261594, 6735285.842312305234373 ], [ 556447.939086425467394, 6735291.742914256639779 ], [ 556435.294939386891201, 6735295.95762993581593 ], [ 556409.163702173740603, 6735296.800573072396219 ], [ 556404.106043358333409, 6735296.800573072396219 ], [ 556391.4618963196408, 6735300.172345615923405 ], [ 556386.404237504233606, 6735301.858231887221336 ], [ 556367.859488514252007, 6735313.659435790032148 ], [ 556345.10002384474501, 6735328.832412236370146 ] ] ] ] } },
{ "type": "Feature", "properties": { "id": 143 }, "geometry": { "type": "MultiPolygon", "coordinates": [ [ [ [ 556726.953264410491101, 6734420.982654863037169 ], [ 556728.63915068237111, 6734475.773958697915077 ], [ 556728.63915068237111, 6734489.261048872023821 ], [ 556729.482093818252906, 6734499.376366503536701 ], [ 556729.482093818252906, 6734524.664660580456257 ], [ 556731.167980090132914, 6734536.465864483267069 ], [ 556741.283297720947303, 6734555.853556608781219 ], [ 556746.340956536470912, 6734580.298907550051808 ], [ 556747.183899672352709, 6734598.000713404268026 ], [ 556748.026842808234505, 6734610.644860442727804 ], [ 556753.084501623758115, 6734621.60312120988965 ], [ 556760.670989846927114, 6734655.320846646092832 ], [ 556765.728648662334308, 6734680.609140723012388 ], [ 556773.315136885503307, 6734706.740377936512232 ], [ 556786.802227060077712, 6734709.269207344390452 ], [ 556781.744568244554102, 6734690.724458354525268 ], [ 556776.686909429146908, 6734670.49382309243083 ], [ 556769.943364341859706, 6734648.57730155903846 ], [ 556766.571591798216105, 6734633.404325112700462 ], [ 556767.414534934097901, 6734609.801917307078838 ], [ 556761.51393298280891, 6734578.613021278753877 ], [ 556769.943364341859706, 6734567.654760511592031 ], [ 556773.315136885503307, 6734576.084191870875657 ], [ 556780.058681972790509, 6734595.471883996389806 ], [ 556788.488113331841305, 6734614.01663298625499 ], [ 556793.545772147248499, 6734636.776097656227648 ], [ 556800.289317234535702, 6734659.535562326200306 ], [ 556817.148179952753708, 6734667.122050548903644 ], [ 556822.205838768160902, 6734657.849676053971052 ], [ 556817.148179952753708, 6734652.792017238214612 ], [ 556812.93346427322831, 6734640.9908133354038 ], [ 556807.875805457704701, 6734631.718438840471208 ], [ 556805.346976050059311, 6734614.859576122835279 ], [ 556801.97520350641571, 6734593.785997725091875 ], [ 556792.702829011366703, 6734574.398305598646402 ], [ 556784.273397652315907, 6734562.597101696766913 ], [ 556772.472193749621511, 6734552.481784065254033 ], [ 556754.770387895405293, 6734528.879376259632409 ], [ 556749.712729079998098, 6734521.292888035997748 ], [ 556742.126240856829099, 6734506.962854725308716 ], [ 556740.440354584949091, 6734496.847537094727159 ], [ 556746.340956536354497, 6734470.716299881227314 ], [ 556747.183899672236294, 6734458.072152842767537 ], [ 556739.597411449067295, 6734430.255029357969761 ], [ 556741.283297720947303, 6734418.453825455158949 ], [ 556742.969183992710896, 6734396.537303921766579 ], [ 556744.655070264590904, 6734371.249009844847023 ], [ 556742.126240856829099, 6734370.406066708266735 ], [ 556725.267378138611093, 6734368.720180436968803 ], [ 556721.052662459085695, 6734370.406066708266735 ], [ 556724.424435002729297, 6734396.537303921766579 ], [ 556726.953264410491101, 6734420.982654863037169 ] ] ] ] } },
{ "type": "Feature", "properties": { "id": 144 }, "geometry": { "type": "MultiPolygon", "coordinates": [ [ [ [ 554332.994758431450464, 6735603.631874549202621 ], [ 554332.994758431450464, 6735618.804850995540619 ], [ 554324.565327072399668, 6735637.349599985405803 ], [ 554314.450009441468865, 6735657.580235247500241 ], [ 554327.93709961604327, 6735667.695552878081799 ], [ 554348.167734877788462, 6735659.266121518798172 ], [ 554348.167734877788462, 6735659.266121518798172 ], [ 554354.911279965075664, 6735681.182643053121865 ], [ 554348.167734877788462, 6735706.47093713004142 ], [ 554346.481848606024869, 6735746.932207653298974 ], [ 554344.795962334144861, 6735760.41929782833904 ], [ 554348.167734877788462, 6735778.964046818204224 ], [ 554363.34071132412646, 6735775.592274274677038 ], [ 554358.283052508719265, 6735726.701572392135859 ], [ 554375.141915226820856, 6735713.214482217095792 ], [ 554383.571346585988067, 6735718.272141032852232 ], [ 554388.629005401395261, 6735719.958027304150164 ], [ 554392.000777945038863, 6735731.759231206960976 ], [ 554392.000777945038863, 6735733.44511747919023 ], [ 554390.314891673158854, 6735745.246321382001042 ], [ 554400.430209304089658, 6735757.047525284811854 ], [ 554435.833821012289263, 6735748.618093925528228 ], [ 554439.205593555932865, 6735748.618093925528228 ], [ 554449.320911186747253, 6735750.303980197757483 ], [ 554461.12211508944165, 6735743.560435109771788 ], [ 554464.493887633085251, 6735741.874548838473856 ], [ 554469.55154644860886, 6735723.329799848608673 ], [ 554471.237432720372453, 6735701.41327831428498 ], [ 554489.782181710354052, 6735706.47093713004142 ], [ 554503.269271884928457, 6735725.015686119906604 ], [ 554516.756362059386447, 6735738.502776294946671 ], [ 554526.871679690317251, 6735751.989866469055414 ], [ 554536.986997321248055, 6735745.246321382001042 ], [ 554523.49990714667365, 6735714.900368489325047 ], [ 554501.583385613048449, 6735698.041505770757794 ], [ 554484.724522894946858, 6735687.926188140176237 ], [ 554464.493887633085251, 6735672.753211693838239 ], [ 554449.320911186747253, 6735664.323780334554613 ], [ 554434.147934740409255, 6735644.093145072460175 ], [ 554427.404389653122053, 6735633.977827441878617 ], [ 554418.974958294071257, 6735637.349599985405803 ], [ 554427.404389653122053, 6735664.323780334554613 ], [ 554434.147934740409255, 6735676.124984237365425 ], [ 554430.776162196765654, 6735703.099164586514235 ], [ 554413.917299478664063, 6735698.041505770757794 ], [ 554408.859640663140453, 6735659.266121518798172 ], [ 554392.000777945038863, 6735649.150803888216615 ], [ 554388.629005401395261, 6735640.721372528932989 ], [ 554388.629005401395261, 6735639.035486257635057 ], [ 554398.744323032326065, 6735618.804850995540619 ], [ 554385.25723285775166, 6735600.260102005675435 ], [ 554386.943119129631668, 6735586.773011831566691 ], [ 554397.058436760446057, 6735576.657694200053811 ], [ 554403.801981847733259, 6735568.228262840770185 ], [ 554402.116095575969666, 6735542.939968763850629 ], [ 554371.770142683177255, 6735556.427058938890696 ], [ 554336.366530975094065, 6735576.657694200053811 ], [ 554322.87944080051966, 6735573.285921656526625 ], [ 554316.135895713348873, 6735573.285921656526625 ], [ 554300.96291926689446, 6735571.600035385228693 ], [ 554290.847601636080071, 6735596.888329462148249 ], [ 554311.078236897825263, 6735598.574215733446181 ], [ 554332.994758431450464, 6735603.631874549202621 ] ] ] ] } },
{ "type": "Feature", "properties": { "id": 145 }, "geometry": { "type": "MultiPolygon", "coordinates": [ [ [ [ 555449.89441350963898, 6737591.291789019480348 ], [ 555454.952072325046174, 6737605.621822329238057 ], [ 555466.753276227740571, 6737598.035334106534719 ], [ 555482.769195810076781, 6737596.349447834305465 ], [ 555487.826854625483975, 6737595.506504698656499 ], [ 555481.926252674078569, 6737588.762959611602128 ], [ 555471.81093504326418, 6737584.548243932425976 ], [ 555465.067389955976978, 6737575.275869436562061 ], [ 555452.423242917400785, 6737566.003494941629469 ], [ 555450.737356645520777, 6737564.317608670331538 ], [ 555427.134948840131983, 6737543.244030272588134 ], [ 555422.920233160606585, 6737539.029314592480659 ], [ 555408.590199850150384, 6737542.401087136939168 ], [ 555406.061370442388579, 6737544.0869734082371 ], [ 555406.904313578270376, 6737554.20229103974998 ], [ 555413.647858665557578, 6737565.160551805980504 ], [ 555432.192607655539177, 6737572.747040029615164 ], [ 555449.89441350963898, 6737591.291789019480348 ] ] ] ] } },
{ "type": "Feature", "properties": { "id": 146 }, "geometry": { "type": "MultiPolygon", "coordinates": [ [ [ [ 554717.376828405889682, 6738569.105826676823199 ], [ 554714.005055862246081, 6738558.990509045310318 ], [ 554712.319169590366073, 6738558.990509045310318 ], [ 554693.774420600384474, 6738559.833452181890607 ], [ 554682.816159833571874, 6738560.676395317539573 ], [ 554673.543785338639282, 6738564.891110996715724 ], [ 554644.883718717726879, 6738563.205224725417793 ], [ 554638.983116766437888, 6738564.048167861066759 ], [ 554638.983116766437888, 6738570.79171294812113 ], [ 554635.611344222794287, 6738574.163485491648316 ], [ 554633.925457950914279, 6738575.006428628228605 ], [ 554633.925457950914279, 6738575.006428628228605 ], [ 554648.25549126137048, 6738584.278803123161197 ], [ 554665.114353979588486, 6738581.749973715282977 ], [ 554687.030875513097271, 6738576.692314899526536 ], [ 554698.832079415908083, 6738574.163485491648316 ], [ 554719.062714677653275, 6738590.179405074566603 ], [ 554719.062714677653275, 6738591.022348210215569 ], [ 554743.508065619040281, 6738598.608836432918906 ], [ 554765.424587152665481, 6738599.451779569499195 ], [ 554778.068734191241674, 6738597.76589329726994 ], [ 554778.068734191241674, 6738591.865291345864534 ], [ 554770.482245968072675, 6738585.964689394459128 ], [ 554767.95341656031087, 6738584.278803123161197 ], [ 554740.136293075396679, 6738584.278803123161197 ], [ 554730.020975444465876, 6738575.006428628228605 ], [ 554717.376828405889682, 6738569.105826676823199 ] ] ] ] } },
{ "type": "Feature", "properties": { "id": 147 }, "geometry": { "type": "MultiPolygon", "coordinates": [ [ [ [ 554513.384589515975676, 6738811.873449817299843 ], [ 554502.426328749163076, 6738810.187563545070589 ], [ 554499.897499341517687, 6738812.716392952948809 ], [ 554493.996897390112281, 6738820.302881176583469 ], [ 554493.996897390112281, 6738822.831710583530366 ], [ 554498.211613069637679, 6738838.847630166448653 ], [ 554510.012816972332075, 6738840.533516437746584 ], [ 554511.698703244212084, 6738829.575255671516061 ], [ 554523.49990714690648, 6738843.062345845624804 ], [ 554533.615224777837284, 6738843.062345845624804 ], [ 554536.986997321480885, 6738829.575255671516061 ], [ 554538.672883593244478, 6738816.931108633056283 ], [ 554533.615224777837284, 6738809.344620409421623 ], [ 554524.342850282788277, 6738805.129904730245471 ], [ 554520.971077739144675, 6738803.444018458016217 ], [ 554513.384589515975676, 6738811.873449817299843 ] ] ] ] } },
{ "type": "Feature", "properties": { "id": 148 }, "geometry": { "type": "MultiPolygon", "coordinates": [ [ [ [ 553850.831284692976624, 6735609.111004933714867 ], [ 553840.71596706204582, 6735616.697493156418204 ], [ 553829.75770629523322, 6735615.854550020769238 ], [ 553827.228876887471415, 6735615.011606885120273 ], [ 553823.014161207946017, 6735611.639834341593087 ], [ 553818.79944552842062, 6735606.582175525836647 ], [ 553817.113559256657027, 6735599.838630438782275 ], [ 553817.956502392538823, 6735593.938028487376869 ], [ 553819.642388664302416, 6735584.665653992444277 ], [ 553817.956502392538823, 6735583.822710856795311 ], [ 553812.898843577015214, 6735582.136824584566057 ], [ 553806.998241625726223, 6735581.293881448917091 ], [ 553801.097639674320817, 6735581.293881448917091 ], [ 553796.039980858913623, 6735588.880369671620429 ], [ 553794.354094587033615, 6735593.938028487376869 ], [ 553779.181118140695617, 6735602.367459846660495 ], [ 553766.536971102119423, 6735604.896289253607392 ], [ 553751.363994655781426, 6735602.367459846660495 ], [ 553742.93456329673063, 6735603.210402982309461 ], [ 553747.149278976256028, 6735616.697493156418204 ], [ 553754.735767199425027, 6735619.226322564296424 ], [ 553762.322255422594026, 6735621.755151972174644 ], [ 553777.495231868932024, 6735620.06926569994539 ], [ 553794.354094587033615, 6735614.168663749471307 ], [ 553811.212957305251621, 6735618.383379428647459 ], [ 553818.79944552842062, 6735633.556355874985456 ], [ 553839.873023926164024, 6735644.514616642147303 ], [ 553853.360114100622013, 6735647.886389185674489 ], [ 553865.16131800331641, 6735632.713412739336491 ], [ 553865.16131800331641, 6735625.969867651350796 ], [ 553866.004261139314622, 6735617.540436292998493 ], [ 553860.946602323791012, 6735611.639834341593087 ], [ 553850.831284692976624, 6735609.111004933714867 ] ] ] ] } },
{ "type": "Feature", "properties": { "id": 149 }, "geometry": { "type": "MultiPolygon", "coordinates": [ [ [ [ 559126.812372341635637, 6734530.986734108999372 ], [ 559109.953509623417631, 6734548.68853996321559 ], [ 559106.58173707977403, 6734568.919175224378705 ], [ 559096.466419448959641, 6734593.364526165649295 ], [ 559086.351101818028837, 6734603.479843797162175 ], [ 559075.392841051216237, 6734612.752218292094767 ], [ 559076.235784187098034, 6734621.181649651378393 ], [ 559076.235784187098034, 6734626.239308466203511 ], [ 559093.937590041197836, 6734622.024592787027359 ], [ 559098.995248856605031, 6734617.809877106919885 ], [ 559112.482339031179436, 6734608.537502611987293 ], [ 559125.969429205753841, 6734591.678639894351363 ], [ 559128.49825861339923, 6734582.406265399418771 ], [ 559139.45651938021183, 6734558.803857593797147 ], [ 559147.043007603380829, 6734547.845596826635301 ], [ 559154.629495826549828, 6734525.929075293242931 ], [ 559155.47243896254804, 6734520.871416477486491 ], [ 559155.47243896254804, 6734520.028473341837525 ], [ 559152.100666418904439, 6734503.169610624201596 ], [ 559149.571837011142634, 6734492.21134985703975 ], [ 559147.885950739262626, 6734487.153691041283309 ], [ 559126.812372341635637, 6734530.986734108999372 ] ] ] ] } },
{ "type": "Feature", "properties": { "id": 150 }, "geometry": { "type": "MultiPolygon", "coordinates": [ [ [ [ 559077.07872732297983, 6733419.144737848080695 ], [ 559073.706954779336229, 6733426.731226070784032 ], [ 559054.319262653472833, 6733445.275975061580539 ], [ 559064.434580284403637, 6733452.019520148634911 ], [ 559072.864011643454432, 6733461.291894643567502 ], [ 559079.607556730741635, 6733475.621927954256535 ], [ 559085.508158682147041, 6733479.836643633432686 ], [ 559088.879931225790642, 6733468.035439730621874 ], [ 559088.879931225790642, 6733442.747145653702319 ], [ 559088.03698808979243, 6733420.830624120309949 ], [ 559088.03698808979243, 6733406.500590809620917 ], [ 559085.508158682147041, 6733392.170557498931885 ], [ 559072.864011643454432, 6733382.055239868350327 ], [ 559062.748694012640044, 6733392.170557498931885 ], [ 559059.376921468996443, 6733398.914102585986257 ], [ 559068.649295963929035, 6733403.128818266093731 ], [ 559077.07872732297983, 6733419.144737848080695 ] ] ] ] } },
{ "type": "Feature", "properties": { "id": 152 }, "geometry": { "type": "MultiPolygon", "coordinates": [ [ [ [ 559090.144345929496922, 6733404.39323296956718 ], [ 559090.56581749743782, 6733453.283934852108359 ], [ 559090.56581749743782, 6733454.126877988688648 ], [ 559101.945549832191318, 6733448.226276037283242 ], [ 559101.945549832191318, 6733440.218316245824099 ], [ 559113.325282166944817, 6733441.482730949297547 ], [ 559117.961469414527528, 6733443.590088789351285 ], [ 559129.341201749281026, 6733452.019520148634911 ], [ 559136.927689972450025, 6733469.721326002851129 ], [ 559143.249763491679914, 6733489.951961264014244 ], [ 559152.94360955466982, 6733511.447011229582131 ], [ 559164.744813457364216, 6733517.347613180987537 ], [ 559170.645415408769622, 6733509.761124958284199 ], [ 559167.273642865126021, 6733500.91022203117609 ], [ 559158.844211506075226, 6733487.423131857067347 ], [ 559152.94360955466982, 6733480.679586769081652 ], [ 559144.935649763559923, 6733470.564269138500094 ], [ 559139.035047812154517, 6733462.556309347040951 ], [ 559136.084746836568229, 6733452.440991716459394 ], [ 559131.870031156926416, 6733442.325674085877836 ], [ 559126.390900773578323, 6733433.474771158769727 ], [ 559121.754713526112027, 6733430.945941750891507 ], [ 559118.804412550409324, 6733425.045339799486101 ], [ 559117.118526278529316, 6733414.087079032324255 ], [ 559115.011168438824825, 6733403.971761401742697 ], [ 559110.796452759299427, 6733393.856443771161139 ], [ 559105.738793943775818, 6733387.955841819755733 ], [ 559102.367021400248632, 6733386.269955547526479 ], [ 559097.730834152665921, 6733393.013500634580851 ], [ 559090.144345929496922, 6733404.39323296956718 ] ] ] ] } },
{ "type": "Feature", "properties": { "id": 153 }, "geometry": { "type": "MultiPolygon", "coordinates": [ [ [ [ 559054.319262653472833, 6733516.926141614094377 ], [ 559052.211904813768342, 6733530.834703356958926 ], [ 559051.368961677886546, 6733538.421191579662263 ], [ 559038.303343071253039, 6733542.214435691013932 ], [ 559037.460399935371242, 6733554.015639593824744 ], [ 559040.832172479014844, 6733562.44507095310837 ], [ 559044.625416590599343, 6733570.453030744567513 ], [ 559047.997189134242944, 6733585.204535622149706 ], [ 559054.319262653472833, 6733596.584267957136035 ], [ 559062.748694012640044, 6733588.154836597852409 ], [ 559067.38488126010634, 6733578.039518967270851 ], [ 559072.864011643454432, 6733567.081258200109005 ], [ 559076.657255755038932, 6733560.759184680879116 ], [ 559074.128426347393543, 6733554.85858272947371 ], [ 559069.492239099810831, 6733549.37945234682411 ], [ 559063.591637148521841, 6733544.743265098892152 ], [ 559061.905750876641832, 6733538.842663147486746 ], [ 559065.277523420285434, 6733531.256174924783409 ], [ 559066.541938124224544, 6733529.148817084729671 ], [ 559070.756653803749941, 6733521.140857293270528 ], [ 559074.549897915334441, 6733511.025539662688971 ], [ 559078.34314202691894, 6733500.910222032107413 ], [ 559077.500198891037144, 6733489.951961264945567 ], [ 559071.599596939631738, 6733487.423131857067347 ], [ 559059.798393036937341, 6733495.009620080702007 ], [ 559054.319262653472833, 6733516.926141614094377 ] ] ] ] } },
{ "type": "Feature", "properties": { "id": 154 }, "geometry": { "type": "MultiPolygon", "coordinates": [ [ [ [ 554692.088534329319373, 6735967.783309265971184 ], [ 554737.607463668333367, 6735945.023844596929848 ], [ 554744.351008755620569, 6735953.453275956213474 ], [ 554761.20987147372216, 6735950.081503412686288 ], [ 554769.639302832889371, 6735939.966185781173408 ], [ 554783.12639300734736, 6735947.552674004808068 ], [ 554792.398767502396367, 6735947.552674004808068 ], [ 554801.671141997328959, 6735942.495015189051628 ], [ 554808.414687084616162, 6735941.652072053402662 ], [ 554817.687061579665169, 6735942.495015189051628 ], [ 554832.017094890004955, 6735950.924446548335254 ], [ 554841.289469385053962, 6735953.453275956213474 ], [ 554858.148332103155553, 6735953.453275956213474 ], [ 554869.106592869968154, 6735944.180901461280882 ], [ 554874.164251685491763, 6735939.123242645524442 ], [ 554881.750739908660762, 6735930.693811286240816 ], [ 554896.080773219116963, 6735918.049664247781038 ], [ 554908.724920257693157, 6735908.777289752848446 ], [ 554913.782579073100351, 6735899.504915257915854 ], [ 554952.557963324943557, 6735884.331938811577857 ], [ 554966.887996635399759, 6735875.90250745229423 ], [ 554962.673280955757946, 6735861.572474141605198 ], [ 554946.657361373538151, 6735863.258360413834453 ], [ 554947.500304509419948, 6735869.158962365239859 ], [ 554933.170271198963746, 6735873.37367804441601 ], [ 554930.641441791318357, 6735871.687791773118079 ], [ 554919.683181024505757, 6735873.37367804441601 ], [ 554904.510204578167759, 6735881.803109403699636 ], [ 554883.436626180424355, 6735908.777289752848446 ], [ 554874.164251685491763, 6735910.463176024146378 ], [ 554868.263649734086357, 6735910.463176024146378 ], [ 554868.263649734086357, 6735910.463176024146378 ], [ 554860.677161510917358, 6735917.206721112132072 ], [ 554845.50418506457936, 6735921.421436791308224 ], [ 554833.702981161884964, 6735917.206721112132072 ], [ 554826.116492938715965, 6735915.520834839902818 ], [ 554818.530004715546966, 6735912.149062296375632 ], [ 554801.671141997328959, 6735918.892607383430004 ], [ 554791.555824366514571, 6735924.79320933483541 ], [ 554789.869938094634563, 6735925.636152471415699 ], [ 554786.498165550990961, 6735924.79320933483541 ], [ 554778.911677327821963, 6735923.107323063537478 ], [ 554770.482245968771167, 6735923.107323063537478 ], [ 554735.078634260571562, 6735939.123242645524442 ], [ 554708.947397047420964, 6735962.725650451146066 ], [ 554708.947397047420964, 6735965.254479859024286 ], [ 554708.947397047420964, 6735966.940366130322218 ], [ 554708.104453911539167, 6735979.584513168781996 ], [ 554706.418567639775574, 6735979.584513168781996 ], [ 554689.559704921557568, 6735992.228660207241774 ], [ 554686.187932377913967, 6735993.071603343822062 ], [ 554676.915557882981375, 6735994.757489615119994 ], [ 554680.287330426624976, 6735984.642171984538436 ], [ 554676.072614747099578, 6735978.74157003313303 ], [ 554692.088534329319373, 6735967.783309265971184 ] ] ] ] } },
{ "type": "Feature", "properties": { "id": 155 }, "geometry": { "type": "MultiPolygon", "coordinates": [ [ [ [ 554615.380708961631171, 6735749.461037065833807 ], [ 554617.909538369392976, 6735769.691672327928245 ], [ 554628.02485600032378, 6735769.691672327928245 ], [ 554631.396628543967381, 6735764.634013512171805 ], [ 554634.768401087494567, 6735751.146923338063061 ], [ 554633.082514815730974, 6735727.544515532441437 ], [ 554622.96719718480017, 6735721.643913581036031 ], [ 554617.909538369392976, 6735727.544515532441437 ], [ 554615.380708961631171, 6735749.461037065833807 ] ] ] ] } }
]
}
